,Sequence,WT_mutations,NAD+_initial_rate,NADP+_initial_rate
WT,MGSSHHHHHHSSGLVPRGSHMTKQYKNYVNGEWKLSENEIKIYEPASGAELGSVPAMSTEEVDYVYASAKKAQPAWRALSYIERAAYLHKVADILMRDKEKIGAILSKEVAKGYKSAVSEVVRTAEIINYAAEEGLRMEGEVLEGGSFEAASKKKIAVVRREPVGLVLAISPFNYPVNLAGSKIAPALIAGNVIAFKPPTQGSISGLLLAEAFAEAGLPAGVFNTITGRGSEIGDYIVEHQAVNFINFTGSTGIGERIGKMAGMRPIMLELGGKDSAIVLEDADLELTAKNIIAGAFGYSGQRCTAVKRVLVMESVADELVEKIREKVLALTIGNPEDDADITPLIDTKSADYVEGLINDANDKGATALTEIKREGNLICPILFDKVTTDMRLAWEEPFGPVLPIIRVTSVEEAIEISNKSEYGLQASIFTNDFPRAFGIAEQLEVGTVHINNKTQRGTDNFPFLGAKKSGAGIQGVKYSIEAMTTVKSVVFDIK*,,0.17667,41.34222222
pSM038,MGSSHHHHHHSSGLVPRGSHMTKQYKNYVNGEWKLSENEIKIYEPASGAELGSVPAMSTEEVDYVYASAKKAQPAWRALSYIERAAYLHKVADILMRDKEKIGAILSKEVAKGYKSAVSEVVRTAEIINYAAEEGLRMEGEVLEGGSFEAASKKKIAVVRREPVGLVLAISPFNYPVNLAGSKIAPALIAGNVIAFKPPTQGSISGLLLAEAFAEAGLPAGVFNTITGRVSEIGDYIVEHQAVNFINFTGSTGIGERIGKMAGMRPIMLELGGKDSAIVLEDADLELTAKNIIAGAFGYSGQRCTAVKRVLVMESVADELVEKIREKVLALTIGNPEDDADITPLIDTKSADYVEGLINDANDKGATALTEIKREGNLICPILFDKVTTDMRLAWEEPFGPVLPIIRVTSVEEAIEISNKSEYGLQASIFTNDFPRAFGIAEQLEVGTVHINNKTQRGTDNFPFLGAKKSGAGIQGVKYSIEAMTTVKSVVFDIK*,G209V,0.80667,39.05555556
pSM050,MGSSHHHHHHSSGLVPRGSHMTKQYKNYVNGEWKLSENEIKIYEPASGAELGSVPAMSTEEVDYVYASAKKAQPAWRALSYIERAAYLHKVADILMRDKEKIGAILSKEVAKGYKSAVSEVVRTAEIINYAAEEGLRMEGEVLEGGSFEAASKKKIAVVRREPVGLVLAISPFNYPVNLAGSKIAPALIAGNVIAFFPPTQGSISGLLLAEAFAEAGLPAGVFNTITGRGEEIGDYIVEHQAVNFINFTGSTGIGERIGKMAGMRPIMLELGGKDSAIVLEDADLELTAKNIIAGAFGYSGQRCTAVKRVLVMESVADELVEKIREKVLALTIGNPEDDADITPLIDTKSADYVEGLINDANDKGATALTEIKREGNLICPILFDKVTTDMRLAWEEPFGPVLPIIRVTSVEEAIEISNKSEYGLQASIFTNDFPRAFGIAEQLEVGTVHINNKTQRGTDNFPFLGAKKSGAGIQGVKYSIEAMTTVKSVVFDIK*,K176F + S210E,-0.00333,1.566666667
pSM051,MGSSHHHHHHSSGLVPRGSHMTKQYKNYVNGEWKLSENEIKIYEPASGAELGSVPAMSTEEVDYVYASAKKAQPAWRALSYIERAAYLHKVADILMRDKEKIGAILSKEVAKGYKSAVSEVVRTAEIINYAAEEGLRMEGEVLEGGSFEAASKKKIAVVRREPVGLVLAISPFNYPVNLAGSKIAPALIAGNVIAFFPPEQGSISGLLLAEAFAEAGLPAGVFNTITGRGSEIGDYIVEHQAVNFINFTGSTGIGERIGKMAGMRPIMLELGGKDSAIVLEDADLELTAKNIIAGAFGYSGQRCTAVKRVLVMESVADELVEKIREKVLALTIGNPEDDADITPLIDTKSADYVEGLINDANDKGATALTEIKREGNLICPILFDKVTTDMRLAWEEPFGPVLPIIRVTSVEEAIEISNKSEYGLQASIFTNDFPRAFGIAEQLEVGTVHINNKTQRGTDNFPFLGAKKSGAGIQGVKYSIEAMTTVKSVVFDIK*,K176F + T179E,0.02000,0.113333333
pSM052,MGSSHHHHHHSSGLVPRGSHMTKQYKNYVNGEWKLSENEIKIYEPASGAELGSVPAMSTEEVDYVYASAKKAQPAWRALSYIERAAYLHKVADILMRDKEKIGAILSKEVAKGYKSAVSEVVRTAEIINYAAEEGLRMEGEVLEGGSFEAASKKKIAVVRREPVGLVLAISPFNYPVNLAGSKIAPALIAGNVIAFKPPFQGSISGLLLAEAFAEAGLPAGVFNTITGREEEIGDYIVEHQAVNFINFTGSTGIGERIGKMAGMRPIMLELGGKDSAIVLEDADLELTAKNIIAGAFGYSGQRCTAVKRVLVMESVADELVEKIREKVLALTIGNPEDDADITPLIDTKSADYVEGLINDANDKGATALTEIKREGNLICPILFDKVTTDMRLAWEEPFGPVLPIIRVTSVEEAIEISNKSEYGLQASIFTNDFPRAFGIAEQLEVGTVHINNKTQRGTDNFPFLGAKKSGAGIQGVKYSIEAMTTVKSVVFDIK*,T179F + G209E + S210E,0.01333,0.006666667
pSM053,MGSSHHHHHHSSGLVPRGSHMTKQYKNYVNGEWKLSENEIKIYEPASGAELGSVPAMSTEEVDYVYASAKKAQPAWRALSYIERAAYLHKVADILMRDKEKIGAILSKEVAKGYKSAVSEVVRTAEIINYAAEEGLRMEGEVLEGGSFEAASKKKIAVVRREPVGLVLAISPFNYPVNLAGSKIAPALIAGNVIAFHPPEQGSISGLLLAEAFAEAGLPAGVFNTITGRGEEIGDYIVEHQAVNFINFTGSTGIGERIGKMAGMRPIMLELGGKDSAIVLEDADLELTAKNIIAGAFGYSGQRCTAVKRVLVMESVADELVEKIREKVLALTIGNPEDDADITPLIDTKSADYVEGLINDANDKGATALTEIKREGNLICPILFDKVTTDMRLAWEEPFGPVLPIIRVTSVEEAIEISNKSEYGLQASIFTNDFPRAFGIAEQLEVGTVHINNKTQRGTDNFPFLGAKKSGAGIQGVKYSIEAMTTVKSVVFDIK*,K176H + T179E + S210E,0.00333,0.053333333
pSM054,MGSSHHHHHHSSGLVPRGSHMTKQYKNYVNGEWKLSENEIKIYEPASGAELGSVPAMSTEEVDYVYASAKKAQPAWRALSYIERAAYLHKVADILMRDKEKIGAILSKEVAKGYKSAVSEVVRTAEIINYAAEEGLRMEGEVLEGGSFEAASKKKIAVVRREPVGLVLAISPFAYPVNLAGSKIAPALIAGNVIAFHPPEQGSISGLLLAEAFAEAGLPAGVFNTITGRGSEIGDYIVEHQAVNFINFTGSTGIGERIGKMAGMRPIMLELGGKDSAIVLEDADLELTAKNIIAGAFGYSGQRCTAVKRVLVMESVADELVEKIREKVLALTIGNPEDDADITPLIDTKSADYVEGLINDANDKGATALTEIKREGNLICPILFDKVTTDMRLAWEEPFGPVLPIIRVTSVEEAIEISNKSEYGLQASIFTNDFPRAFGIAEQLEVGTVHINNKTQRGTDNFPFLGAKKSGAGIQGVKYSIEAMTTVKSVVFDIK*,N153A + K176H + T179E,-0.01333,0.04
pSM055,MGSSHHHHHHSSGLVPRGSHMTKQYKNYVNGEWKLSENEIKIYEPASGAELGSVPAMSTEEVDYVYASAKKAQPAWRALSYIERAAYLHKVADILMRDKEKIGAILSKEVAKGYKSAVSEVVRTAEIINYAAEEGLRMEGEVLEGGSFEAASKKKIAVVRREPVGLVLAISAFNYPVNLAGSKIAPALIAGNVIAFKPPEIGSISGLLLAEAFAEAGLPAGVFNTITGRGEEIGDYIVEHQAVNFINFTGSTGIGERIGKMAGMRPIMLELGGKDSAIVLEDADLELTAKNIIAGAFGYSGQRCTAVKRVLVMESVADELVEKIREKVLALTIGNPEDDADITPLIDTKSADYVEGLINDANDKGATALTEIKREGNLICPILFDKVTTDMRLAWEEPFGPVLPIIRVTSVEEAIEISNKSEYGLQASIFTNDFPRAFGIAEQLEVGTVHINNKTQRGTDNFPFLGAKKSGAGIQGVKYSIEAMTTVKSVVFDIK*,P151A + T179E + Q180I + S210E,-0.00667,-0.013333333
pSM056,MGSSHHHHHHSSGLVPRGSHMTKQYKNYVNGEWKLSENEIKIYEPASGAELGSVPAMSTEEVDYVYASAKKAQPAWRALSYIERAAYLHKVADILMRDKEKIGAILSKEVAKGYKSAVSEVVRTAEIINYAAEEGLRMEGEVLEGGSFEAASKKKIAVVRREPVGLVLAISPFNYPVNLAGSKIAPALIAGNVIAFHPPTQGSISGLLLAEAFAEAGLPAGVFNTITGRGEEIGDYIVEHQAVNFINFTGSTGIGERIGKMAGMRPIMLELGGKDSAIVLEDADLELTAKNIIAGAFGYSGQRCTAVKRVLVMESVADELVEKIREKVLALTIGNPEDDADITPLIDTKSADYVEGLINDANDKGATALTEIKREGNLICPILFDKVTTDMRLAWEEPFGPVLPIIRVTSVEEAIEISNKSEYGLQASIFTNDFPRAFGIAEQLEVGTVHINNKTQRGTDNFPFLGAKKSGAGIQGVKYSIEAMTTVKSVVFDIK*,K176H + S210E,-0.04000,1.253333333
pSM057,MGSSHHHHHHSSGLVPRGSHMTKQYKNYVNGEWKLSENEIKIYEPASGAELGSVPAMSTEEVDYVYASAKKAQPAWRALSYIERAAYLHKVADILMRDKEKIGAILSKEVAKGYKSAVSEVVRTAEIINYAAEEGLRMEGEVLEGGSFEAASKKKIAVVRREPVGLVLAISSFAYPVNLAGSKIAPALIAGNVIAFFPPEIGSISGLLLAEAFAEAGLPAGVFNTITGRGEEIGDYIVEHQAVNFINFTGSTGIGERIGKMAGMRPIMLELGGKDSAIVLEDADLELTAKNIIAGAFGYSGQRCTAVKRVLVMESVADELVEKIREKVLALTIGNPEDDADITPLIDTKSADYVEGLINDANDKGATALTEIKREGNLICPILFDKVTTDMRLAWEEPFGPVLPIIRVTSVEEAIEISNKSEYGLQASIFTNDFPRAFGIAEQLEVGTVHINNKTQRGTDNFPFLGAKKSGAGIQGVKYSIEAMTTVKSVVFDIK*,P151S + N153A + K176F + T179E + Q180I + S210E,0.04000,0.006666667
pSM058,MGSSHHHHHHSSGLVPRGSHMTKQYKNYVNGEWKLSENEIKIYEPASGAELGSVPAMSTEEVDYVYASAKKAQPAWRALSYIERAAYLHKVADILMRDKEKIGAILSKEVAKGYKSAVSEVVRTAEIINYAAEEGLRMEGEVLEGGSFEAASKKKIAVVRREPVGLVLAISAFNYPVNLAGSKIAPALIAGNVIAFKPPTQGSISGLLLAEAFAEAGLPAGVFNTITGRGEEIGDYIVEHQAVNFINFTGSTGIGERIGKMAGMRPIMLELGGKDSAIVLEDADLELTAKNIIAGAFGYSGQRCTAVKRVLVMESVADELVEKIREKVLALTIGNPEDDADITPLIDTKSADYVEGLINDANDKGATALTEIKREGNLICPILFDKVTTDMRLAWEEPFGPVLPIIRVTSVEEAIEISNKSEYGLQASIFTNDFPRAFGIAEQLEVGTVHINNKTQRGTDNFPFLGAKKSGAGIQGVKYSIEAMTTVKSVVFDIK*,P151A + S210E,-0.10667,3.493333333
pSM059,MGSSHHHHHHSSGLVPRGSHMTKQYKNYVNGEWKLSENEIKIYEPASGAELGSVPAMSTEEVDYVYASAKKAQPAWRALSYIERAAYLHKVADILMRDKEKIGAILSKEVAKGYKSAVSEVVRTAEIINYAAEEGLRMEGEVLEGGSFEAASKKKIAVVRREPVGLVLAISAFNYPVNLAGSKIAPALIAGNVIAFKPPTIGSISGLLLAEAFAEAGLPAGVFNTITGRGEEIGDYIVEHQAVNFINFTGSTGIGERIGKMAGMRPIMLELGGKDSAIVLEDADLELTAKNIIAGAFGYSGQRCTAVKRVLVMESVADELVEKIREKVLALTIGNPEDDADITPLIDTKSADYVEGLINDANDKGATALTEIKREGNLICPILFDKVTTDMRLAWEEPFGPVLPIIRVTSVEEAIEISNKSEYGLQASIFTNDFPRAFGIAEQLEVGTVHINNKTQRGTDNFPFLGAKKSGAGIQGVKYSIEAMTTVKSVVFDIK*,P151A + Q180I + S210E,0.00667,-0.106666667
pSM060,MGSSHHHHHHSSGLVPRGSHMTKQYKNYVNGEWKLSENEIKIYEPASGAELGSVPAMSTEEVDYVYASAKKAQPAWRALSYIERAAYLHKVADILMRDKEKIGAILSKEVAKGYKSAVSEVVRTAEIINYAAEEGLRMEGEVLEGGSFEAASKKKIAVVRREPVGLVLAISSFAYPVNLAGSKIAPALIAGNVIAFKPPEQGSISGLLLAEAFAEAGLPAGVFNTITGRGSEIGDYIVEHQAVNFINFTGSTGIGERIGKMAGMRPIMLELGGKDSAIVLEDADLELTAKNIIAGAFGYSGQRCTAVKRVLVMESVADELVEKIREKVLALTIGNPEDDADITPLIDTKSADYVEGLINDANDKGATALTEIKREGNLICPILFDKVTTDMRLAWEEPFGPVLPIIRVTSVEEAIEISNKSEYGLQASIFTNDFPRAFGIAEQLEVGTVHINNKTQRGTDNFPFLGAKKSGAGIQGVKYSIEAMTTVKSVVFDIK*,P151S + N153A + T179E,-0.02333,-0.08
pSM061,MGSSHHHHHHSSGLVPRGSHMTKQYKNYVNGEWKLSENEIKIYEPASGAELGSVPAMSTEEVDYVYASAKKAQPAWRALSYIERAAYLHKVADILMRDKEKIGAILSKEVAKGYKSAVSEVVRTAEIINYAAEEGLRMEGEVLEGGSFEAASKKKIAVVRREPVGLVLAISPFNYPVNLAGSKIAPALIAGNVIAFFPPTQGSISGLLLAEAFAEAGLPAGVFNTITGWGEEVGDYIVEHQAVNFINFTGSTGIGERIGKMAGMRPIMLELGGKDSAIVLEDADLELTAKNIIAGAFGYSGQRCTAVKRVLVMESVADELVEKIREKVLALTIGNPEDDADITPLIDTKSADYVEGLINDANDKGATALTEIKREGNLICPILFDKVTTDMRLAWEEPFGPVLPIIRVTSVEEAIEISNKSEYGLQASIFTNDFPRAFGIAEQLEVGTVHINNKTQRGTDNFPFLGAKKSGAGIQGVKYSIEAMTTVKSVVFDIK*,K176F + R208W + S210E + I212V,0.03333,0.16
pSM062,MGSSHHHHHHSSGLVPRGSHMTKQYKNYVNGEWKLSENEIKIYEPASGAELGSVPAMSTEEVDYVYASAKKAQPAWRALSYIERAAYLHKVADILMRDKEKIGAILSKEVAKGYKSAVSEVVRTAEIINYAAEEGLRMEGEVLEGGSFEAASKKKIAVVRREPVGLVLAISPFAYPVNLAGSKIAPALIAGNVIAFFPPTQGSISGLLLAEAFAEAGLPAGVFNTITGRGSEVGDYIVEHQAVNFINFTGSTGIGERIGKMAGMRPIMLELGGKDSAIVLEDADLELTAKNIIAGAFGYSGQRCTAVKRVLVMESVADELVEKIREKVLALTIGNPEDDADITPLIDTKSADYVEGLINDANDKGATALTEIKREGNLICPILFDKVTTDMRLAWEEPFGPVLPIIRVTSVEEAIEISNKSEYGLQASIFTNDFPRAFGIAEQLEVGTVHINNKTQRGTDNFPFLGAKKSGAGIQGVKYSIEAMTTVKSVVFDIK*,N153A + K176F + I212V,0.00333,0
pSM063,MGSSHHHHHHSSGLVPRGSHMTKQYKNYVNGEWKLSENEIKIYEPASGAELGSVPAMSTEEVDYVYASAKKAQPAWRALSYIERAAYLHKVADILMRDKEKIGAILSKEVAKGYKSAVSEVVRTAEIINYAAEEGLRMEGEVLEGGSFEAASKKKIAVVRREPVGLVLAISSFAYPVNLAGSKIAPALIAGNVIAFFPPTQGSISGLLLAEAFAEAGLPAGVFNTITGRGEEVGDYIVEHQAVNFINFTGSTGIGERIGKMAGMRPIMLELGGKDSAIVLEDADLELTAKNIIAGAFGYSGQRCTAVKRVLVMESVADELVEKIREKVLALTIGNPEDDADITPLIDTKSADYVEGLINDANDKGATALTEIKREGNLICPILFDKVTTDMRLAWEEPFGPVLPIIRVTSVEEAIEISNKSEYGLQASIFTNDFPRAFGIAEQLEVGTVHINNKTQRGTDNFPFLGAKKSGAGIQGVKYSIEAMTTVKSVVFDIK*,P151S + N153A + K176F + S210E + I212V,-0.00333,-0.18
pSM068,MGSSHHHHHHSSGLVPRGSHMTKQYKNYVNGEWKLSENEIKIYEPASGAELGSVPAMSTEEVDYVYASAKKAQPAWRALSYIERAAYLHKVADILMRDKEKIGAILSKEVAKGYKSAVSEVVRTAEIINYAAEEGLRMEGEVLEGGSFEAASKKKIAVVRREPVGLVLAVSPFNYPVNLAGSKIAPALIAGNVIAFWPPEQGSISGLLLAEAFAEAGLPAGVFNTITGRASEIGDYIVEHQAVNFINFTGSTGIGERIGKMAGMRPIMLELGGKDSAIVLEDADLELTAKNIIAGAFGYSGQRCTAVKRVLVMESVADELVEKIREKVLALTIGNPEDDADITPLIDTKSADYVEGLINDANDKGATALTEIKREGNLICPILFDKVTTDMRLAWEEPFGPVLPIIRVTSVEEAIEISNKSEYGLQASIFTNDFPRAFGIAEQLEVGTVHINNKTQRGTDNFPFLGAKKSGAGIQGVKYSIEAMTTVKSVVFDIK*,I149V + K176W + T179E + G209A,0.01667,0.013333333
pSM069,MGSSHHHHHHSSGLVPRGSHMTKQYKNYVNGEWKLSENEIKIYEPASGAELGSVPAMSTEEVDYVYASAKKAQPAWRALSYIERAAYLHKVADILMRDKEKIGAILSKEVAKGYKSAVSEVVRTAEIINYAAEEGLRMEGEVLEGGSFEAASKKKIAVVRREPVGLVLAVSPFNYPVNLAGSKIAPALIAGNVIAFWPPEQGSISGLLLAEAFAEAGLPAGVFNTITGLHSEIGDYIVEHQAVNFINFTGSTGIGERIGKMAGMRPIMLELGGKDSAIVLEDADLELTAKNIIAGAFGYSGQRCTAVKRVLVMESVADELVEKIREKVLALTIGNPEDDADITPLIDTKSADYVEGLINDANDKGATALTEIKREGNLICPILFDKVTTDMRLAWEEPFGPVLPIIRVTSVEEAIEISNKSEYGLQASIFTNDFPRAFGIAEQLEVGTVHINNKTQRGTDNFPFLGAKKSGAGIQGVKYSIEAMTTVKSVVFDIK*,I149V + K176W + T179E + R208L + G209H,0.00000,0.023333333
pSM070,MGSSHHHHHHSSGLVPRGSHMTKQYKNYVNGEWKLSENEIKIYEPASGAELGSVPAMSTEEVDYVYASAKKAQPAWRALSYIERAAYLHKVADILMRDKEKIGAILSKEVAKGYKSAVSEVVRTAEIINYAAEEGLRMEGEVLEGGSFEAASKKKIAVVRREPVGLVLAFSPFNYPVNLAGSKIAPALIAGNVIAFIPDVQGSISGLLLAEAFAEAGLPAGVFNTITGRMEEIGDYIVEHQAVNFINFTGSTGIGERIGKMAGMRPIMLELGGKDSAIVLEDADLELTAKNIIAGAFGYSGQRCTAVKRVLVMESVADELVEKIREKVLALTIGNPEDDADITPLIDTKSADYVEGLINDANDKGATALTEIKREGNLICPILFDKVTTDMRLAWEEPFGPVLPIIRVTSVEEAIEISNKSEYGLQASIFTNDFPRAFGIAEQLEVGTVHINNKTQRGTDNFPFLGAKKSGAGIQGVKYSIEAMTTVKSVVFDIK*,I149F + K176I + P178D + T179V + G209M + S210E,0.01000,-0.003333333
pSM071,MGSSHHHHHHSSGLVPRGSHMTKQYKNYVNGEWKLSENEIKIYEPASGAELGSVPAMSTEEVDYVYASAKKAQPAWRALSYIERAAYLHKVADILMRDKEKIGAILSKEVAKGYKSAVSEVVRTAEIINYAAEEGLRMEGEVLEGGSFEAASKKKIAVVRREPVGLVLAVSPFNYPVNLAGSKIAPALIAGNVIAFMLPEQGSISGLLLAEAFAEAGLPAGVFNTITGRAEEIGDYIVEHQAVNFINFTGSTGIGERIGKMAGMRPIMLELGGKDSAIVLEDADLELTAKNIIAGAFGYSGQRCTAVKRVLVMESVADELVEKIREKVLALTIGNPEDDADITPLIDTKSADYVEGLINDANDKGATALTEIKREGNLICPILFDKVTTDMRLAWEEPFGPVLPIIRVTSVEEAIEISNKSEYGLQASIFTNDFPRAFGIAEQLEVGTVHINNKTQRGTDNFPFLGAKKSGAGIQGVKYSIEAMTTVKSVVFDIK*,I149V + K176M + P177L + T179E + G209A + S210E,0.00444,0.003333333
pSM072,MGSSHHHHHHSSGLVPRGSHMTKQYKNYVNGEWKLSENEIKIYEPASGAELGSVPAMSTEEVDYVYASAKKAQPAWRALSYIERAAYLHKVADILMRDKEKIGAILSKEVAKGYKSAVSEVVRTAEIINYAAEEGLRMEGEVLEGGSFEAASKKKIAVVRREPVGLVLAISPFNYPVNLAGSKIAPALIAGNVIAFFPPEQGSISGLLLAEAFAEAGLPAGVFNTITGRGEEIGDYIVEHQAVNFINFTGSTGIGERIGKMAGMRPIMLELGGKDSAIVLEDADLELTAKNIIAGAFGYSGQRCTAVKRVLVMESVADELVEKIREKVLALTIGNPEDDADITPLIDTKSADYVEGLINDANDKGATALTEIKREGNLICPILFDKVTTDMRLAWEEPFGPVLPIIRVTSVEEAIEISNKSEYGLQASIFTNDFPRAFGIAEQLEVGTVHINNKTQRGTDNFPFLGAKKSGAGIQGVKYSIEAMTTVKSVVFDIK*,K176F + T179E + S210E,0.03222,-0.02
pSM073,MGSSHHHHHHSSGLVPRGSHMTKQYKNYVNGEWKLSENEIKIYEPASGAELGSVPAMSTEEVDYVYASAKKAQPAWRALSYIERAAYLHKVADILMRDKEKIGAILSKEVAKGYKSAVSEVVRTAEIINYAAEEGLRMEGEVLEGGSFEAASKKKIAVVRREPVGLVLAISSFNYPVNLAGSKIAPALIAGNVIAFFPPTQGSISGLLLAEAFAEAGLPAGVFNTITGRGEEIGDYIVEHQAVNFINFTGSTGIGERIGKMAGMRPIMLELGGKDSAIVLEDADLELTAKNIIAGAFGYSGQRCTAVKRVLVMESVADELVEKIREKVLALTIGNPEDDADITPLIDTKSADYVEGLINDANDKGATALTEIKREGNLICPILFDKVTTDMRLAWEEPFGPVLPIIRVTSVEEAIEISNKSEYGLQASIFTNDFPRAFGIAEQLEVGTVHINNKTQRGTDNFPFLGAKKSGAGIQGVKYSIEAMTTVKSVVFDIK*,P151S + K176F + S210E,0.02667,0.03
pSM074,MGSSHHHHHHSSGLVPRGSHMTKQYKNYVNGEWKLSENEIKIYEPASGAELGSVPAMSTEEVDYVYASAKKAQPAWRALSYIERAAYLHKVADILMRDKEKIGAILSKEVAKGYKSAVSEVVRTAEIINYAAEEGLRMEGEVLEGGSFEAASKKKIAVVRREPVGLVLAISPFNYPVNLAGSKIAPALIAGNVIAFKPSSQGSISGLLLAEAFAEAGLPAGVFNTITVPGSEIGDYIVEHQAVNFINFTGSTGIGERIGKMAGMRPIMLELGGKDSAIVLEDADLELTAKNIIAGAFGYSGQRCTAVKRVLVMESVADELVEKIREKVLALTIGNPEDDADITPLIDTKSADYVEGLINDANDKGATALTEIKREGNLICPILFDKVTTDMRLAWEEPFGPVLPIIRVTSVEEAIEISNKSEYGLQASIFTNDFPRAFGIAEQLEVGTVHINNKTQRGTDNFPFLGAKKSGAGIQGVKYSIEAMTTVKSVVFDIK*,P178S + T179S + G207V + R208P,0.06556,2.362222222
pSM075,MGSSHHHHHHSSGLVPRGSHMTKQYKNYVNGEWKLSENEIKIYEPASGAELGSVPAMSTEEVDYVYASAKKAQPAWRALSYIERAAYLHKVADILMRDKEKIGAILSKEVAKGYKSAVSEVVRTAEIINYAAEEGLRMEGEVLEGGSFEAASKKKIAVVRREPVGLVLAISPFNYPVNLAGSKIAPALIAGNVIAFKPSSQGSISGLLLAEAFAEAGLPAGVFNTITVPVSEIGDYIVEHQAVNFINFTGSTGIGERIGKMAGMRPIMLELGGKDSAIVLEDADLELTAKNIIAGAFGYSGQRCTAVKRVLVMESVADELVEKIREKVLALTIGNPEDDADITPLIDTKSADYVEGLINDANDKGATALTEIKREGNLICPILFDKVTTDMRLAWEEPFGPVLPIIRVTSVEEAIEISNKSEYGLQASIFTNDFPRAFGIAEQLEVGTVHINNKTQRGTDNFPFLGAKKSGAGIQGVKYSIEAMTTVKSVVFDIK*,P178S + T179S + G207V + R208P + G209V,0.01667,0.322222222
pSM078,MGSSHHHHHHSSGLVPRGSHMTKQYKNYVNGEWKLSENEIKIYEPASGAELGSVPAMSTEEVDYVYASAKKAQPAWRALSYIERAAYLHKVADILMRDKEKIGAILSKEVAKGYKSAVSEVVRTAEIINYAAEEGLRMEGEVLEGGSFEAASKKKIAVVRREPVGLVLAISPFNYPVNLAGSKIAPALIAGNVIAFKPPTQGSISGLLLAEAFAEAGLPAGVFNTITGRGSEIGDYIVEHQAVNFINFTGSTGVGERIGKMAGMRPIMLELGGKDSAIVLEDADLELTAKNIIAGAFGYSGQRCTAVKRVLVMESVADELVEKIREKVLALTIGNPEDDADITPLIDTKSADYVEGLINDANDKGATALTEIKREGNLICPILFDKVTTDMRLAWEEPFGPVLPIIRVTSVEEAIEISNKSEYGLQASIFTNDFPRAFGIAEQLEVGTVHINNKTQRGTDNFPFLGAKKSGAGIQGVKYSIEAMTTVKSVVFDIK*,I233V,0.03333,23.54
pSM079,MGSSHHHHHHSSGLVPRGSHMTKQYKNYVNGEWKLSENEIKIYEPASGAELGSVPAMSTEEVDYVYASAKKAQPAWRALSYIERAAYLHKVADILMRDKEKIGAILSKEVAKGYKSAVSEVVRTAEIINYAAEEGLRMEGEVLEGGSFEAASKKKIAVVRREPVGLVLAISPFNYPVNLAGSKIAPALIAGNVIAFKPPTQGSISGLLLAEAFAEAGLPAGVFNTITGRGSEIGDYIVEHQAVNFINFTGSTGTGERIGKMAGMRPIMLELGGKDSAIVLEDADLELTAKNIIAGAFGYSGQRCTAVKRVLVMESVADELVEKIREKVLALTIGNPEDDADITPLIDTKSADYVEGLINDANDKGATALTEIKREGNLICPILFDKVTTDMRLAWEEPFGPVLPIIRVTSVEEAIEISNKSEYGLQASIFTNDFPRAFGIAEQLEVGTVHINNKTQRGTDNFPFLGAKKSGAGIQGVKYSIEAMTTVKSVVFDIK*,I233T,0.11111,24.84666667
pSM080,MGSSHHHHHHSSGLVPRGSHMTKQYKNYVNGEWKLSENEIKIYEPASGAELGSVPAMSTEEVDYVYASAKKAQPAWRALSYIERAAYLHKVADILMRDKEKIGAILSKEVAKGYKSAVSEVVRTAEIINYAAEEGLRMEGEVLEGGSFEAASKKKIAVVRREPVGLVLAISPFNYPVNLAGSKIAPALIAGNVIAFKPSTQGSISGLLLAEAFAEAGLPAGVFNTITGRGSEIGDYIVEHQAVNFINFTGSTGIGERIGKMAGMRPIMLELGGKDSAIVLEDADLELTAKNIIAGAFGYSGQRCTAVKRVLVMESVADELVEKIREKVLALTIGNPEDDADITPLIDTKSADYVEGLINDANDKGATALTEIKREGNLICPILFDKVTTDMRLAWEEPFGPVLPIIRVTSVEEAIEISNKSEYGLQASIFTNDFPRAFGIAEQLEVGTVHINNKTQRGTDNFPFLGAKKSGAGIQGVKYSIEAMTTVKSVVFDIK*,P178S,0.49333,19.59333333
pSM081,MGSSHHHHHHSSGLVPRGSHMTKQYKNYVNGEWKLSENEIKIYEPASGAELGSVPAMSTEEVDYVYASAKKAQPAWRALSYIERAAYLHKVADILMRDKEKIGAILSKEVAKGYKSAVSEVVRTAEIINYAAEEGLRMEGEVLEGGSFEAASKKKIAVVRREPVGLVLAISPFNYPVNLAGSKIAPALIAGNVIAFKPNTQGSISGLLLAEAFAEAGLPAGVFNTITGRGSEIGDYIVEHQAVNFINFTGSTGIGERIGKMAGMRPIMLELGGKDSAIVLEDADLELTAKNIIAGAFGYSGQRCTAVKRVLVMESVADELVEKIREKVLALTIGNPEDDADITPLIDTKSADYVEGLINDANDKGATALTEIKREGNLICPILFDKVTTDMRLAWEEPFGPVLPIIRVTSVEEAIEISNKSEYGLQASIFTNDFPRAFGIAEQLEVGTVHINNKTQRGTDNFPFLGAKKSGAGIQGVKYSIEAMTTVKSVVFDIK*,P178N,0.06889,4.326666667
pSM082,MGSSHHHHHHSSGLVPRGSHMTKQYKNYVNGEWKLSENEIKIYEPASGAELGSVPAMSTEEVDYVYASAKKAQPAWRALSYIERAAYLHKVADILMRDKEKIGAILSKEVAKGYKSAVSEVVRTAEIINYAAEEGLRMEGEVLEGGSFEAASKKKIAVVRREPVGLVLAISPFNYPVNLAGSKIAPALIAGNVIAFKPDTQGSISGLLLAEAFAEAGLPAGVFNTITGRGSEIGDYIVEHQAVNFINFTGSTGIGERIGKMAGMRPIMLELGGKDSAIVLEDADLELTAKNIIAGAFGYSGQRCTAVKRVLVMESVADELVEKIREKVLALTIGNPEDDADITPLIDTKSADYVEGLINDANDKGATALTEIKREGNLICPILFDKVTTDMRLAWEEPFGPVLPIIRVTSVEEAIEISNKSEYGLQASIFTNDFPRAFGIAEQLEVGTVHINNKTQRGTDNFPFLGAKKSGAGIQGVKYSIEAMTTVKSVVFDIK*,P178D,0.02222,1.566666667
pSM083,MGSSHHHHHHSSGLVPRGSHMTKQYKNYVNGEWKLSENEIKIYEPASGAELGSVPAMSTEEVDYVYASAKKAQPAWRALSYIERAAYLHKVADILMRDKEKIGAILSKEVAKGYKSAVSEVVRTAEIINYAAEEGLRMEGEVLEGGSFEAASKKKIAVVRREPVGLVLAISPFNYPVNLAGSKIAPALIAGNVIAFKPTTQGSISGLLLAEAFAEAGLPAGVFNTITGRGSEIGDYIVEHQAVNFINFTGSTGIGERIGKMAGMRPIMLELGGKDSAIVLEDADLELTAKNIIAGAFGYSGQRCTAVKRVLVMESVADELVEKIREKVLALTIGNPEDDADITPLIDTKSADYVEGLINDANDKGATALTEIKREGNLICPILFDKVTTDMRLAWEEPFGPVLPIIRVTSVEEAIEISNKSEYGLQASIFTNDFPRAFGIAEQLEVGTVHINNKTQRGTDNFPFLGAKKSGAGIQGVKYSIEAMTTVKSVVFDIK*,P178T,0.03667,8.146666667
pSM084,MGSSHHHHHHSSGLVPRGSHMTKQYKNYVNGEWKLSENEIKIYEPASGAELGSVPAMSTEEVDYVYASAKKAQPAWRALSYIERAAYLHKVADILMRDKEKIGAILSKEVAKGYKSAVSEVVRTAEIINYAAEEGLRMEGEVLEGGSFEAASKKKIAVVRREPVGLVLAISPNNYPVNLAGSKIAPALIAGNVIAFKPPTQGSISGLLLAEAFAEAGLPAGVFNTITGRGSEIGDYIVEHQAVNFINFTGSTGIGERIGKMAGMRPIMLELGGKDSAIVLEDADLELTAKNIIAGAFGYSGQRCTAVKRVLVMESVADELVEKIREKVLALTIGNPEDDADITPLIDTKSADYVEGLINDANDKGATALTEIKREGNLICPILFDKVTTDMRLAWEEPFGPVLPIIRVTSVEEAIEISNKSEYGLQASIFTNDFPRAFGIAEQLEVGTVHINNKTQRGTDNFPFLGAKKSGAGIQGVKYSIEAMTTVKSVVFDIK*,F152N,0.01111,0.026666667
pSM085,MGSSHHHHHHSSGLVPRGSHMTKQYKNYVNGEWKLSENEIKIYEPASGAELGSVPAMSTEEVDYVYASAKKAQPAWRALSYIERAAYLHKVADILMRDKEKIGAILSKEVAKGYKSAVSEVVRTAEIINYAAEEGLRMEGEVLEGGSFEAASKKKIAVVRREPVGLVLAISPQNYPVNLAGSKIAPALIAGNVIAFKPPTQGSISGLLLAEAFAEAGLPAGVFNTITGRGSEIGDYIVEHQAVNFINFTGSTGIGERIGKMAGMRPIMLELGGKDSAIVLEDADLELTAKNIIAGAFGYSGQRCTAVKRVLVMESVADELVEKIREKVLALTIGNPEDDADITPLIDTKSADYVEGLINDANDKGATALTEIKREGNLICPILFDKVTTDMRLAWEEPFGPVLPIIRVTSVEEAIEISNKSEYGLQASIFTNDFPRAFGIAEQLEVGTVHINNKTQRGTDNFPFLGAKKSGAGIQGVKYSIEAMTTVKSVVFDIK*,F152Q,0.23222,0.186666667
pSM086,MGSSHHHHHHSSGLVPRGSHMTKQYKNYVNGEWKLSENEIKIYEPASGAELGSVPAMSTEEVDYVYASAKKAQPAWRALSYIERAAYLHKVADILMRDKEKIGAILSKEVAKGYKSAVSEVVRTAEIINYAAEEGLRMEGEVLEGGSFEAASKKKIAVVRREPVGLVLAISPFNYPVNLAGSKIAPALIAGNVIAFKPSEQGSISGLLLAEAFAEAGLPAGVFNTITGRGSEIGDYIVEHQAVNFINFTGSTGIGERIGKMAGMRPIMLELGGKDSAIVLEDADLELTAKNIIAGAFGYSGQRCTAVKRVLVMESVADELVEKIREKVLALTIGNPEDDADITPLIDTKSADYVEGLINDANDKGATALTEIKREGNLICPILFDKVTTDMRLAWEEPFGPVLPIIRVTSVEEAIEISNKSEYGLQASIFTNDFPRAFGIAEQLEVGTVHINNKTQRGTDNFPFLGAKKSGAGIQGVKYSIEAMTTVKSVVFDIK*,P178S + T179E,0.56333,13.76
pSM087,MGSSHHHHHHSSGLVPRGSHMTKQYKNYVNGEWKLSENEIKIYEPASGAELGSVPAMSTEEVDYVYASAKKAQPAWRALSYIERAAYLHKVADILMRDKEKIGAILSKEVAKGYKSAVSEVVRTAEIINYAAEEGLRMEGEVLEGGSFEAASKKKIAVVRREPVGLVLAISPFNYPVNLAGSKIAPALIAGNVIAFKPAEQGSISGLLLAEAFAEAGLPAGVFNTITGRGSEIGDYIVEHQAVNFINFTGSTGIGERIGKMAGMRPIMLELGGKDSAIVLEDADLELTAKNIIAGAFGYSGQRCTAVKRVLVMESVADELVEKIREKVLALTIGNPEDDADITPLIDTKSADYVEGLINDANDKGATALTEIKREGNLICPILFDKVTTDMRLAWEEPFGPVLPIIRVTSVEEAIEISNKSEYGLQASIFTNDFPRAFGIAEQLEVGTVHINNKTQRGTDNFPFLGAKKSGAGIQGVKYSIEAMTTVKSVVFDIK*,P178A + T179E,0.56222,16.70666667
pSM088,MGSSHHHHHHSSGLVPRGSHMTKQYKNYVNGEWKLSENEIKIYEPASGAELGSVPAMSTEEVDYVYASAKKAQPAWRALSYIERAAYLHKVADILMRDKEKIGAILSKEVAKGYKSAVSEVVRTAEIINYAAEEGLRMEGEVLEGGSFEAASKKKIAVVRREPVGLVLAISPFNYPVNLAGSKIAPALIAGNVIAFKPSQQGSISGLLLAEAFAEAGLPAGVFNTITGRGSEIGDYIVEHQAVNFINFTGSTGIGERIGKMAGMRPIMLELGGKDSAIVLEDADLELTAKNIIAGAFGYSGQRCTAVKRVLVMESVADELVEKIREKVLALTIGNPEDDADITPLIDTKSADYVEGLINDANDKGATALTEIKREGNLICPILFDKVTTDMRLAWEEPFGPVLPIIRVTSVEEAIEISNKSEYGLQASIFTNDFPRAFGIAEQLEVGTVHINNKTQRGTDNFPFLGAKKSGAGIQGVKYSIEAMTTVKSVVFDIK*,P178S + T179Q,0.30333,17.52
pSM089,MGSSHHHHHHSSGLVPRGSHMTKQYKNYVNGEWKLSENEIKIYEPASGAELGSVPAMSTEEVDYVYASAKKAQPAWRALSYIERAAYLHKVADILMRDKEKIGAILSKEVAKGYKSAVSEVVRTAEIINYAAEEGLRMEGEVLEGGSFEAASKKKIAVVRREPVGLVLAISPFNYPVNLAGSKIAPALIAGNVIAFKPAQQGSISGLLLAEAFAEAGLPAGVFNTITGRGSEIGDYIVEHQAVNFINFTGSTGIGERIGKMAGMRPIMLELGGKDSAIVLEDADLELTAKNIIAGAFGYSGQRCTAVKRVLVMESVADELVEKIREKVLALTIGNPEDDADITPLIDTKSADYVEGLINDANDKGATALTEIKREGNLICPILFDKVTTDMRLAWEEPFGPVLPIIRVTSVEEAIEISNKSEYGLQASIFTNDFPRAFGIAEQLEVGTVHINNKTQRGTDNFPFLGAKKSGAGIQGVKYSIEAMTTVKSVVFDIK*,P178A + T179Q,0.43889,14.7
pSM090,MGSSHHHHHHSSGLVPRGSHMTKQYKNYVNGEWKLSENEIKIYEPASGAELGSVPAMSTEEVDYVYASAKKAQPAWRALSYIERAAYLHKVADILMRDKEKIGAILSKEVAKGYKSAVSEVVRTAEIINYAAEEGLRMEGEVLEGGSFEAASKKKIAVVRREPVGLVLAISPFNYPVNLAGSKIAPALIAGNVIAFKPSNQGSISGLLLAEAFAEAGLPAGVFNTITGRGSEIGDYIVEHQAVNFINFTGSTGIGERIGKMAGMRPIMLELGGKDSAIVLEDADLELTAKNIIAGAFGYSGQRCTAVKRVLVMESVADELVEKIREKVLALTIGNPEDDADITPLIDTKSADYVEGLINDANDKGATALTEIKREGNLICPILFDKVTTDMRLAWEEPFGPVLPIIRVTSVEEAIEISNKSEYGLQASIFTNDFPRAFGIAEQLEVGTVHINNKTQRGTDNFPFLGAKKSGAGIQGVKYSIEAMTTVKSVVFDIK*,P178S + T179N,0.24222,15.80666667
pSM091,MGSSHHHHHHSSGLVPRGSHMTKQYKNYVNGEWKLSENEIKIYEPASGAELGSVPAMSTEEVDYVYASAKKAQPAWRALSYIERAAYLHKVADILMRDKEKIGAILSKEVAKGYKSAVSEVVRTAEIINYAAEEGLRMEGEVLEGGSFEAASKKKIAVVRREPVGLVLAISPFNYPVNLAGSKIAPALIAGNVIAFKPASQGSISGLLLAEAFAEAGLPAGVFNTITGRGSEIGDYIVEHQAVNFINFTGSTGIGERIGKMAGMRPIMLELGGKDSAIVLEDADLELTAKNIIAGAFGYSGQRCTAVKRVLVMESVADELVEKIREKVLALTIGNPEDDADITPLIDTKSADYVEGLINDANDKGATALTEIKREGNLICPILFDKVTTDMRLAWEEPFGPVLPIIRVTSVEEAIEISNKSEYGLQASIFTNDFPRAFGIAEQLEVGTVHINNKTQRGTDNFPFLGAKKSGAGIQGVKYSIEAMTTVKSVVFDIK*,P178A + T179S,0.18333,27.16
pSM092,MGSSHHHHHHSSGLVPRGSHMTKQYKNYVNGEWKLSENEIKIYEPASGAELGSVPAMSTEEVDYVYASAKKAQPAWRALSYIERAAYLHKVADILMRDKEKIGAILSKEVAKGYKSAVSEVVRTAEIINYAAEEGLRMEGEVLEGGSFEAASKKKIAVVRREPVGLVLAISPFNYPVNLAGSKIAPALIAGNVIAFKPSEQGSISGLLLAEAFAEAGLPAGVFNTITGYGSEIGDYIVEHQAVNFINFTGSTGIGERIGKMAGMRPIMLELGGKDSAIVLEDADLELTAKNIIAGAFGYSGQRCTAVKRVLVMESVADELVEKIREKVLALTIGNPEDDADITPLIDTKSADYVEGLINDANDKGATALTEIKREGNLICPILFDKVTTDMRLAWEEPFGPVLPIIRVTSVEEAIEISNKSEYGLQASIFTNDFPRAFGIAEQLEVGTVHINNKTQRGTDNFPFLGAKKSGAGIQGVKYSIEAMTTVKSVVFDIK*,P178S + T179E + R208Y,0.59444,2.246666667
pSM093,MGSSHHHHHHSSGLVPRGSHMTKQYKNYVNGEWKLSENEIKIYEPASGAELGSVPAMSTEEVDYVYASAKKAQPAWRALSYIERAAYLHKVADILMRDKEKIGAILSKEVAKGYKSAVSEVVRTAEIINYAAEEGLRMEGEVLEGGSFEAASKKKIAVVRREPVGLVLAISPFNYPVNLAGSKIAPALIAGNVIAFKPSEQGSISGLLLAEAFAEAGLPAGVFNTITGFGSEIGDYIVEHQAVNFINFTGSTGIGERIGKMAGMRPIMLELGGKDSAIVLEDADLELTAKNIIAGAFGYSGQRCTAVKRVLVMESVADELVEKIREKVLALTIGNPEDDADITPLIDTKSADYVEGLINDANDKGATALTEIKREGNLICPILFDKVTTDMRLAWEEPFGPVLPIIRVTSVEEAIEISNKSEYGLQASIFTNDFPRAFGIAEQLEVGTVHINNKTQRGTDNFPFLGAKKSGAGIQGVKYSIEAMTTVKSVVFDIK*,P178S + T179E + R208F,0.31333,1.213333333
pSM094,MGSSHHHHHHSSGLVPRGSHMTKQYKNYVNGEWKLSENEIKIYEPASGAELGSVPAMSTEEVDYVYASAKKAQPAWRALSYIERAAYLHKVADILMRDKEKIGAILSKEVAKGYKSAVSEVVRTAEIINYAAEEGLRMEGEVLEGGSFEAASKKKIAVVRREPVGLVLAISPFNYPVNLAGSKIAPALIAGNVIAFKPSEQGSISGLLLAEAFAEAGLPAGVFNTITGYASEIGDYIVEHQAVNFINFTGSTGIGERIGKMAGMRPIMLELGGKDSAIVLEDADLELTAKNIIAGAFGYSGQRCTAVKRVLVMESVADELVEKIREKVLALTIGNPEDDADITPLIDTKSADYVEGLINDANDKGATALTEIKREGNLICPILFDKVTTDMRLAWEEPFGPVLPIIRVTSVEEAIEISNKSEYGLQASIFTNDFPRAFGIAEQLEVGTVHINNKTQRGTDNFPFLGAKKSGAGIQGVKYSIEAMTTVKSVVFDIK*,P178S + T179E + R208Y + G209A,3.37444,5.22
pSM095,MGSSHHHHHHSSGLVPRGSHMTKQYKNYVNGEWKLSENEIKIYEPASGAELGSVPAMSTEEVDYVYASAKKAQPAWRALSYIERAAYLHKVADILMRDKEKIGAILSKEVAKGYKSAVSEVVRTAEIINYAAEEGLRMEGEVLEGGSFEAASKKKIAVVRREPVGLVLAISPFNYPVNLAGSKIAPALIAGNVIAFKPSEQGSISGLLLAEAFAEAGLPAGVFNTITGFASEIGDYIVEHQAVNFINFTGSTGIGERIGKMAGMRPIMLELGGKDSAIVLEDADLELTAKNIIAGAFGYSGQRCTAVKRVLVMESVADELVEKIREKVLALTIGNPEDDADITPLIDTKSADYVEGLINDANDKGATALTEIKREGNLICPILFDKVTTDMRLAWEEPFGPVLPIIRVTSVEEAIEISNKSEYGLQASIFTNDFPRAFGIAEQLEVGTVHINNKTQRGTDNFPFLGAKKSGAGIQGVKYSIEAMTTVKSVVFDIK*,P178S + T179E + R208F + G209A,3.15333,3.286666667
pSM096,MGSSHHHHHHSSGLVPRGSHMTKQYKNYVNGEWKLSENEIKIYEPASGAELGSVPAMSTEEVDYVYASAKKAQPAWRALSYIERAAYLHKVADILMRDKEKIGAILSKEVAKGYKSAVSEVVRTAEIINYAAEEGLRMEGEVLEGGSFEAASKKKIAVVRREPVGLVLAISPFNYPVNLAGSKIAPALIAGNVIAFKPSEQGSISGLLLAEAFAEAGLPAGVFNTITGYVSEIGDYIVEHQAVNFINFTGSTGIGERIGKMAGMRPIMLELGGKDSAIVLEDADLELTAKNIIAGAFGYSGQRCTAVKRVLVMESVADELVEKIREKVLALTIGNPEDDADITPLIDTKSADYVEGLINDANDKGATALTEIKREGNLICPILFDKVTTDMRLAWEEPFGPVLPIIRVTSVEEAIEISNKSEYGLQASIFTNDFPRAFGIAEQLEVGTVHINNKTQRGTDNFPFLGAKKSGAGIQGVKYSIEAMTTVKSVVFDIK*,P178S + T179E + R208Y + G209V,9.66222,2.88
pSM097,MGSSHHHHHHSSGLVPRGSHMTKQYKNYVNGEWKLSENEIKIYEPASGAELGSVPAMSTEEVDYVYASAKKAQPAWRALSYIERAAYLHKVADILMRDKEKIGAILSKEVAKGYKSAVSEVVRTAEIINYAAEEGLRMEGEVLEGGSFEAASKKKIAVVRREPVGLVLAISPFNYPVNLAGSKIAPALIAGNVIAFKPSEQGSISGLLLAEAFAEAGLPAGVFNTITGFVSEIGDYIVEHQAVNFINFTGSTGIGERIGKMAGMRPIMLELGGKDSAIVLEDADLELTAKNIIAGAFGYSGQRCTAVKRVLVMESVADELVEKIREKVLALTIGNPEDDADITPLIDTKSADYVEGLINDANDKGATALTEIKREGNLICPILFDKVTTDMRLAWEEPFGPVLPIIRVTSVEEAIEISNKSEYGLQASIFTNDFPRAFGIAEQLEVGTVHINNKTQRGTDNFPFLGAKKSGAGIQGVKYSIEAMTTVKSVVFDIK*,P178S + T179E + R208F + G209V,9.33333,2.773333333
pSM098,MGSSHHHHHHSSGLVPRGSHMTKQYKNYVNGEWKLSENEIKIYEPASGAELGSVPAMSTEEVDYVYASAKKAQPAWRALSYIERAAYLHKVADILMRDKEKIGAILSKEVAKGYKSAVSEVVRTAEIINYAAEEGLRMEGEVLEGGSFEAASKKKIAVVRREPVGLVLAISPFNYPVNLAGSKIAPALIAGNVIAFKPPTQGSISGLLLAEAFAEAGLPAGVFNTITGRASEIGDYIVEHQAVNFINFTGSTGIGERIGKMAGMRPIMLELGGKDSAIVLEDADLELTAKNIIAGAFGYSGQRCTAVKRVLVMESVADELVEKIREKVLALTIGNPEDDADITPLIDTKSADYVEGLINDANDKGATALTEIKREGNLICPILFDKVTTDMRLAWEEPFGPVLPIIRVTSVEEAIEISNKSEYGLQASIFTNDFPRAFGIAEQLEVGTVHINNKTQRGTDNFPFLGAKKSGAGIQGVKYSIEAMTTVKSVVFDIK*,G209A,0.01444,4.775555556
pSM099,MGSSHHHHHHSSGLVPRGSHMTKQYKNYVNGEWKLSENEIKIYEPASGAELGSVPAMSTEEVDYVYASAKKAQPAWRALSYIERAAYLHKVADILMRDKEKIGAILSKEVAKGYKSAVSEVVRTAEIINYAAEEGLRMEGEVLEGGSFEAASKKKIAVVRREPVGLVLAISPFNYPVNLAGSKIAPALIAGNVIAFKPPTQGSISGLLLAEAFAEAGLPAGVFNTITGRASEIGDYIVEHQAVNFINFTGSTGVGERIGKMAGMRPIMLELGGKDSAIVLEDADLELTAKNIIAGAFGYSGQRCTAVKRVLVMESVADELVEKIREKVLALTIGNPEDDADITPLIDTKSADYVEGLINDANDKGATALTEIKREGNLICPILFDKVTTDMRLAWEEPFGPVLPIIRVTSVEEAIEISNKSEYGLQASIFTNDFPRAFGIAEQLEVGTVHINNKTQRGTDNFPFLGAKKSGAGIQGVKYSIEAMTTVKSVVFDIK*,G209A + I233V,0.00889,0.6
pSM100,MGSSHHHHHHSSGLVPRGSHMTKQYKNYVNGEWKLSENEIKIYEPASGAELGSVPAMSTEEVDYVYASAKKAQPAWRALSYIERAAYLHKVADILMRDKEKIGAILSKEVAKGYKSAVSEVVRTAEIINYAAEEGLRMEGEVLEGGSFEAASKKKIAVVRREPVGLVLAISPFNYPVNLAGSKIAPALIAGNVIAFKPPTQGSISGLLLAEAFAEAGLPAGVFNTITGRVSEIGDYIVEHQAVNFINFTGSTGTGERIGKMAGMRPIMLELGGKDSAIVLEDADLELTAKNIIAGAFGYSGQRCTAVKRVLVMESVADELVEKIREKVLALTIGNPEDDADITPLIDTKSADYVEGLINDANDKGATALTEIKREGNLICPILFDKVTTDMRLAWEEPFGPVLPIIRVTSVEEAIEISNKSEYGLQASIFTNDFPRAFGIAEQLEVGTVHINNKTQRGTDNFPFLGAKKSGAGIQGVKYSIEAMTTVKSVVFDIK*,G209V + I233T,0.00556,0.051111111
pSM101,MGSSHHHHHHSSGLVPRGSHMTKQYKNYVNGEWKLSENEIKIYEPASGAELGSVPAMSTEEVDYVYASAKKAQPAWRALSYIERAAYLHKVADILMRDKEKIGAILSKEVAKGYKSAVSEVVRTAEIINYAAEEGLRMEGEVLEGGSFEAASKKKIAVVRREPVGLVLAISPFNYPVNLAGSKIAPALIAGNVIAFKPSTQGSISGLLLAEAFAEAGLPAGVFNTITGRVSEIGDYIVEHQAVNFINFTGSTGIGERIGKMAGMRPIMLELGGKDSAIVLEDADLELTAKNIIAGAFGYSGQRCTAVKRVLVMESVADELVEKIREKVLALTIGNPEDDADITPLIDTKSADYVEGLINDANDKGATALTEIKREGNLICPILFDKVTTDMRLAWEEPFGPVLPIIRVTSVEEAIEISNKSEYGLQASIFTNDFPRAFGIAEQLEVGTVHINNKTQRGTDNFPFLGAKKSGAGIQGVKYSIEAMTTVKSVVFDIK*,G209V + P178S,0.04778,0.406666667
pSM102,MGSSHHHHHHSSGLVPRGSHMTKQYKNYVNGEWKLSENEIKIYEPASGAELGSVPAMSTEEVDYVYASAKKAQPAWRALSYIERAAYLHKVADILMRDKEKIGAILSKEVAKGYKSAVSEVVRTAEIINYAAEEGLRMEGEVLEGGSFEAASKKKIAVVRREPVGLVLAISPFNYPVNLAGSKIAPALIAGNVIAFKPNTQGSISGLLLAEAFAEAGLPAGVFNTITGRVSEIGDYIVEHQAVNFINFTGSTGIGERIGKMAGMRPIMLELGGKDSAIVLEDADLELTAKNIIAGAFGYSGQRCTAVKRVLVMESVADELVEKIREKVLALTIGNPEDDADITPLIDTKSADYVEGLINDANDKGATALTEIKREGNLICPILFDKVTTDMRLAWEEPFGPVLPIIRVTSVEEAIEISNKSEYGLQASIFTNDFPRAFGIAEQLEVGTVHINNKTQRGTDNFPFLGAKKSGAGIQGVKYSIEAMTTVKSVVFDIK*,G209V + P178N,-0.01111,0.006666667
pSM103,MGSSHHHHHHSSGLVPRGSHMTKQYKNYVNGEWKLSENEIKIYEPASGAELGSVPAMSTEEVDYVYASAKKAQPAWRALSYIERAAYLHKVADILMRDKEKIGAILSKEVAKGYKSAVSEVVRTAEIINYAAEEGLRMEGEVLEGGSFEAASKKKIAVVRREPVGLVLAISPFNYPVNLAGSKIAPALIAGNVIAFKPDTQGSISGLLLAEAFAEAGLPAGVFNTITGRVSEIGDYIVEHQAVNFINFTGSTGIGERIGKMAGMRPIMLELGGKDSAIVLEDADLELTAKNIIAGAFGYSGQRCTAVKRVLVMESVADELVEKIREKVLALTIGNPEDDADITPLIDTKSADYVEGLINDANDKGATALTEIKREGNLICPILFDKVTTDMRLAWEEPFGPVLPIIRVTSVEEAIEISNKSEYGLQASIFTNDFPRAFGIAEQLEVGTVHINNKTQRGTDNFPFLGAKKSGAGIQGVKYSIEAMTTVKSVVFDIK*,G209V + P178D,-0.02111,0.006666667
pSM104,MGSSHHHHHHSSGLVPRGSHMTKQYKNYVNGEWKLSENEIKIYEPASGAELGSVPAMSTEEVDYVYASAKKAQPAWRALSYIERAAYLHKVADILMRDKEKIGAILSKEVAKGYKSAVSEVVRTAEIINYAAEEGLRMEGEVLEGGSFEAASKKKIAVVRREPVGLVLAISPFNYPVNLAGSKIAPALIAGNVIAFKPTTQGSISGLLLAEAFAEAGLPAGVFNTITGRVSEIGDYIVEHQAVNFINFTGSTGIGERIGKMAGMRPIMLELGGKDSAIVLEDADLELTAKNIIAGAFGYSGQRCTAVKRVLVMESVADELVEKIREKVLALTIGNPEDDADITPLIDTKSADYVEGLINDANDKGATALTEIKREGNLICPILFDKVTTDMRLAWEEPFGPVLPIIRVTSVEEAIEISNKSEYGLQASIFTNDFPRAFGIAEQLEVGTVHINNKTQRGTDNFPFLGAKKSGAGIQGVKYSIEAMTTVKSVVFDIK*,G209V + P178T,0.01000,0.062222222
pSM105,MGSSHHHHHHSSGLVPRGSHMTKQYKNYVNGEWKLSENEIKIYEPASGAELGSVPAMSTEEVDYVYASAKKAQPAWRALSYIERAAYLHKVADILMRDKEKIGAILSKEVAKGYKSAVSEVVRTAEIINYAAEEGLRMEGEVLEGGSFEAASKKKIAVVRREPVGLVLAISPNNYPVNLAGSKIAPALIAGNVIAFKPPTQGSISGLLLAEAFAEAGLPAGVFNTITGRVSEIGDYIVEHQAVNFINFTGSTGIGERIGKMAGMRPIMLELGGKDSAIVLEDADLELTAKNIIAGAFGYSGQRCTAVKRVLVMESVADELVEKIREKVLALTIGNPEDDADITPLIDTKSADYVEGLINDANDKGATALTEIKREGNLICPILFDKVTTDMRLAWEEPFGPVLPIIRVTSVEEAIEISNKSEYGLQASIFTNDFPRAFGIAEQLEVGTVHINNKTQRGTDNFPFLGAKKSGAGIQGVKYSIEAMTTVKSVVFDIK*,G209V + F152N,0.00333,0
pSM106,MGSSHHHHHHSSGLVPRGSHMTKQYKNYVNGEWKLSENEIKIYEPASGAELGSVPAMSTEEVDYVYASAKKAQPAWRALSYIERAAYLHKVADILMRDKEKIGAILSKEVAKGYKSAVSEVVRTAEIINYAAEEGLRMEGEVLEGGSFEAASKKKIAVVRREPVGLVLAISPQNYPVNLAGSKIAPALIAGNVIAFKPPTQGSISGLLLAEAFAEAGLPAGVFNTITGRVSEIGDYIVEHQAVNFINFTGSTGIGERIGKMAGMRPIMLELGGKDSAIVLEDADLELTAKNIIAGAFGYSGQRCTAVKRVLVMESVADELVEKIREKVLALTIGNPEDDADITPLIDTKSADYVEGLINDANDKGATALTEIKREGNLICPILFDKVTTDMRLAWEEPFGPVLPIIRVTSVEEAIEISNKSEYGLQASIFTNDFPRAFGIAEQLEVGTVHINNKTQRGTDNFPFLGAKKSGAGIQGVKYSIEAMTTVKSVVFDIK*,G209V + F152Q,0.00667,0.024444444
pSM107,MGSSHHHHHHSSGLVPRGSHMTKQYKNYVNGEWKLSENEIKIYEPASGAELGSVPAMSTEEVDYVYASAKKAQPAWRALSYIERAAYLHKVADILMRDKEKIGAILSKEVAKGYKSAVSEVVRTAEIINYAAEEGLRMEGEVLEGGSFEAASKKKIAVVRREPVGLVLAISPFNYPVNLAGSKIAPALIAGNVIAFKPSEQGSISGLLLAEAFAEAGLPAGVFNTITGRVSEIGDYIVEHQAVNFINFTGSTGIGERIGKMAGMRPIMLELGGKDSAIVLEDADLELTAKNIIAGAFGYSGQRCTAVKRVLVMESVADELVEKIREKVLALTIGNPEDDADITPLIDTKSADYVEGLINDANDKGATALTEIKREGNLICPILFDKVTTDMRLAWEEPFGPVLPIIRVTSVEEAIEISNKSEYGLQASIFTNDFPRAFGIAEQLEVGTVHINNKTQRGTDNFPFLGAKKSGAGIQGVKYSIEAMTTVKSVVFDIK*,G209V + P178S + T179E,9.04111,6.4400
pSM108,MGSSHHHHHHSSGLVPRGSHMTKQYKNYVNGEWKLSENEIKIYEPASGAELGSVPAMSTEEVDYVYASAKKAQPAWRALSYIERAAYLHKVADILMRDKEKIGAILSKEVAKGYKSAVSEVVRTAEIINYAAEEGLRMEGEVLEGGSFEAASKKKIAVVRREPVGLVLAISPFNYPVNLAGSKIAPALIAGNVIAFKPAEQGSISGLLLAEAFAEAGLPAGVFNTITGRVSEIGDYIVEHQAVNFINFTGSTGIGERIGKMAGMRPIMLELGGKDSAIVLEDADLELTAKNIIAGAFGYSGQRCTAVKRVLVMESVADELVEKIREKVLALTIGNPEDDADITPLIDTKSADYVEGLINDANDKGATALTEIKREGNLICPILFDKVTTDMRLAWEEPFGPVLPIIRVTSVEEAIEISNKSEYGLQASIFTNDFPRAFGIAEQLEVGTVHINNKTQRGTDNFPFLGAKKSGAGIQGVKYSIEAMTTVKSVVFDIK*,G209V + P178A + T179E,12.14667,10.4533
pSM109,MGSSHHHHHHSSGLVPRGSHMTKQYKNYVNGEWKLSENEIKIYEPASGAELGSVPAMSTEEVDYVYASAKKAQPAWRALSYIERAAYLHKVADILMRDKEKIGAILSKEVAKGYKSAVSEVVRTAEIINYAAEEGLRMEGEVLEGGSFEAASKKKIAVVRREPVGLVLAISPFNYPVNLAGSKIAPALIAGNVIAFKPSQQGSISGLLLAEAFAEAGLPAGVFNTITGRVSEIGDYIVEHQAVNFINFTGSTGIGERIGKMAGMRPIMLELGGKDSAIVLEDADLELTAKNIIAGAFGYSGQRCTAVKRVLVMESVADELVEKIREKVLALTIGNPEDDADITPLIDTKSADYVEGLINDANDKGATALTEIKREGNLICPILFDKVTTDMRLAWEEPFGPVLPIIRVTSVEEAIEISNKSEYGLQASIFTNDFPRAFGIAEQLEVGTVHINNKTQRGTDNFPFLGAKKSGAGIQGVKYSIEAMTTVKSVVFDIK*,G209V + P178S + T179Q,10.12889,27.4933
pSM110,MGSSHHHHHHSSGLVPRGSHMTKQYKNYVNGEWKLSENEIKIYEPASGAELGSVPAMSTEEVDYVYASAKKAQPAWRALSYIERAAYLHKVADILMRDKEKIGAILSKEVAKGYKSAVSEVVRTAEIINYAAEEGLRMEGEVLEGGSFEAASKKKIAVVRREPVGLVLAISPFNYPVNLAGSKIAPALIAGNVIAFKPAQQGSISGLLLAEAFAEAGLPAGVFNTITGRVSEIGDYIVEHQAVNFINFTGSTGIGERIGKMAGMRPIMLELGGKDSAIVLEDADLELTAKNIIAGAFGYSGQRCTAVKRVLVMESVADELVEKIREKVLALTIGNPEDDADITPLIDTKSADYVEGLINDANDKGATALTEIKREGNLICPILFDKVTTDMRLAWEEPFGPVLPIIRVTSVEEAIEISNKSEYGLQASIFTNDFPRAFGIAEQLEVGTVHINNKTQRGTDNFPFLGAKKSGAGIQGVKYSIEAMTTVKSVVFDIK*,G209V + P178A + T179Q,16.26778,29.4644
pSM111,MGSSHHHHHHSSGLVPRGSHMTKQYKNYVNGEWKLSENEIKIYEPASGAELGSVPAMSTEEVDYVYASAKKAQPAWRALSYIERAAYLHKVADILMRDKEKIGAILSKEVAKGYKSAVSEVVRTAEIINYAAEEGLRMEGEVLEGGSFEAASKKKIAVVRREPVGLVLAISPFNYPVNLAGSKIAPALIAGNVIAFKPSNQGSISGLLLAEAFAEAGLPAGVFNTITGRVSEIGDYIVEHQAVNFINFTGSTGIGERIGKMAGMRPIMLELGGKDSAIVLEDADLELTAKNIIAGAFGYSGQRCTAVKRVLVMESVADELVEKIREKVLALTIGNPEDDADITPLIDTKSADYVEGLINDANDKGATALTEIKREGNLICPILFDKVTTDMRLAWEEPFGPVLPIIRVTSVEEAIEISNKSEYGLQASIFTNDFPRAFGIAEQLEVGTVHINNKTQRGTDNFPFLGAKKSGAGIQGVKYSIEAMTTVKSVVFDIK*,G209V + P178S + T179N,1.06222,6.1867
pSM112,MGSSHHHHHHSSGLVPRGSHMTKQYKNYVNGEWKLSENEIKIYEPASGAELGSVPAMSTEEVDYVYASAKKAQPAWRALSYIERAAYLHKVADILMRDKEKIGAILSKEVAKGYKSAVSEVVRTAEIINYAAEEGLRMEGEVLEGGSFEAASKKKIAVVRREPVGLVLAISPFNYPVNLAGSKIAPALIAGNVIAFKPASQGSISGLLLAEAFAEAGLPAGVFNTITGRVSEIGDYIVEHQAVNFINFTGSTGIGERIGKMAGMRPIMLELGGKDSAIVLEDADLELTAKNIIAGAFGYSGQRCTAVKRVLVMESVADELVEKIREKVLALTIGNPEDDADITPLIDTKSADYVEGLINDANDKGATALTEIKREGNLICPILFDKVTTDMRLAWEEPFGPVLPIIRVTSVEEAIEISNKSEYGLQASIFTNDFPRAFGIAEQLEVGTVHINNKTQRGTDNFPFLGAKKSGAGIQGVKYSIEAMTTVKSVVFDIK*,G209V + P178A + T179S,2.41778,15.0889
pSM113,MGSSHHHHHHSSGLVPRGSHMTKQYKNYVNGEWKLSENEFKIYEPASGAELGSVPAMSTEEVDYVYASAKKAQPAWRALSYIERAAYLHKVADILMRDKEKIGAILSKEVAKGYKSAVSEVVRTAEIINYAAEEGLRMEGEVLEGGSFEAASKKKIAVVRREPVGLVLAISPFNYPVNLAGSKIAPALIAGNVIAFKPSEQGSISGLLLAEAFAEAGLPAGVFNTITGYGSEIGDYIVEHQAVNFINFTGSTGIGERIGKMAGMRPIMLELGGKDSAIVLEDADLELTAKNIIAGAFGYSGQRCTAVKRVLVMESVADELVEKIREKVLALTIGNPEDDADITPLIDTKSADYVEGLINDANDKGATALTEIKREGNLICPILFDKVTTDMRLAWEEPFGPVLPIIRVTSVEEAIEISNKSEYGLQASIFTNDFPRAFGIAEQLEVGTVHINNKTQRGTDNFPFLGAKKSGAGIQGVKYSIEAMTTVKSVVFDIK*,I19F + P178S + T179E + R208Y,0.88889,2.851111111
pSM114,MGSSHHHHHHSSGLVPRGSHMTKQYKNYVNGEWKLSENEFKIYEPASGAELGSVPAMSTEEVDYVYASAKKAQPAWRALSYIERAAYLHKVADILMRDKEKIGAILSKEVAKGYKSAVSEVVRTAEIINYAAEEGLRMEGEVLEGGSFEAASKKKIAVVRREPVGLVLAISPFNYPVNLAGSKIAPALIAGNVIAFKPSEQGSISGLLLAEAFAEAGLPAGVFNTITGFGSEIGDYIVEHQAVNFINFTGSTGIGERIGKMAGMRPIMLELGGKDSAIVLEDADLELTAKNIIAGAFGYSGQRCTAVKRVLVMESVADELVEKIREKVLALTIGNPEDDADITPLIDTKSADYVEGLINDANDKGATALTEIKREGNLICPILFDKVTTDMRLAWEEPFGPVLPIIRVTSVEEAIEISNKSEYGLQASIFTNDFPRAFGIAEQLEVGTVHINNKTQRGTDNFPFLGAKKSGAGIQGVKYSIEAMTTVKSVVFDIK*,I19F + P178S + T179E + R208F,0.59556,0.76
pSM115,MGSSHHHHHHSSGLVPRGSHMTKQYKNYVNGEWKLSENEFKIYEPASGAELGSVPAMSTEEVDYVYASAKKAQPAWRALSYIERAAYLHKVADILMRDKEKIGAILSKEVAKGYKSAVSEVVRTAEIINYAAEEGLRMEGEVLEGGSFEAASKKKIAVVRREPVGLVLAISPFNYPVNLAGSKIAPALIAGNVIAFKPSEQGSISGLLLAEAFAEAGLPAGVFNTITGYASEIGDYIVEHQAVNFINFTGSTGIGERIGKMAGMRPIMLELGGKDSAIVLEDADLELTAKNIIAGAFGYSGQRCTAVKRVLVMESVADELVEKIREKVLALTIGNPEDDADITPLIDTKSADYVEGLINDANDKGATALTEIKREGNLICPILFDKVTTDMRLAWEEPFGPVLPIIRVTSVEEAIEISNKSEYGLQASIFTNDFPRAFGIAEQLEVGTVHINNKTQRGTDNFPFLGAKKSGAGIQGVKYSIEAMTTVKSVVFDIK*,I19F + P178S + T179E + R208Y + G209A,2.13778,0.408888889
pSM116,MGSSHHHHHHSSGLVPRGSHMTKQYKNYVNGEWKLSENEFKIYEPASGAELGSVPAMSTEEVDYVYASAKKAQPAWRALSYIERAAYLHKVADILMRDKEKIGAILSKEVAKGYKSAVSEVVRTAEIINYAAEEGLRMEGEVLEGGSFEAASKKKIAVVRREPVGLVLAISPFNYPVNLAGSKIAPALIAGNVIAFKPSEQGSISGLLLAEAFAEAGLPAGVFNTITGFASEIGDYIVEHQAVNFINFTGSTGIGERIGKMAGMRPIMLELGGKDSAIVLEDADLELTAKNIIAGAFGYSGQRCTAVKRVLVMESVADELVEKIREKVLALTIGNPEDDADITPLIDTKSADYVEGLINDANDKGATALTEIKREGNLICPILFDKVTTDMRLAWEEPFGPVLPIIRVTSVEEAIEISNKSEYGLQASIFTNDFPRAFGIAEQLEVGTVHINNKTQRGTDNFPFLGAKKSGAGIQGVKYSIEAMTTVKSVVFDIK*,I19F + P178S + T179E + R208F + G209A,0.36444,0.124444444
pSM117,MGSSHHHHHHSSGLVPRGSHMTKQYKNYVNGEWKLSENEFKIYEPASGAELGSVPAMSTEEVDYVYASAKKAQPAWRALSYIERAAYLHKVADILMRDKEKIGAILSKEVAKGYKSAVSEVVRTAEIINYAAEEGLRMEGEVLEGGSFEAASKKKIAVVRREPVGLVLAISPFNYPVNLAGSKIAPALIAGNVIAFKPSEQGSISGLLLAEAFAEAGLPAGVFNTITGYVSEIGDYIVEHQAVNFINFTGSTGIGERIGKMAGMRPIMLELGGKDSAIVLEDADLELTAKNIIAGAFGYSGQRCTAVKRVLVMESVADELVEKIREKVLALTIGNPEDDADITPLIDTKSADYVEGLINDANDKGATALTEIKREGNLICPILFDKVTTDMRLAWEEPFGPVLPIIRVTSVEEAIEISNKSEYGLQASIFTNDFPRAFGIAEQLEVGTVHINNKTQRGTDNFPFLGAKKSGAGIQGVKYSIEAMTTVKSVVFDIK*,I19F + P178S + T179E + R208Y + G209V,7.69667,0.395555556
pSM118,MGSSHHHHHHSSGLVPRGSHMTKQYKNYVNGEWKLSENEFKIYEPASGAELGSVPAMSTEEVDYVYASAKKAQPAWRALSYIERAAYLHKVADILMRDKEKIGAILSKEVAKGYKSAVSEVVRTAEIINYAAEEGLRMEGEVLEGGSFEAASKKKIAVVRREPVGLVLAISPFNYPVNLAGSKIAPALIAGNVIAFKPSEQGSISGLLLAEAFAEAGLPAGVFNTITGFVSEIGDYIVEHQAVNFINFTGSTGIGERIGKMAGMRPIMLELGGKDSAIVLEDADLELTAKNIIAGAFGYSGQRCTAVKRVLVMESVADELVEKIREKVLALTIGNPEDDADITPLIDTKSADYVEGLINDANDKGATALTEIKREGNLICPILFDKVTTDMRLAWEEPFGPVLPIIRVTSVEEAIEISNKSEYGLQASIFTNDFPRAFGIAEQLEVGTVHINNKTQRGTDNFPFLGAKKSGAGIQGVKYSIEAMTTVKSVVFDIK*,I19F + P178S + T179E + R208F + G209V,8.67444,0.428888889
pSM121,MGSSHHHHHHSSGLVPRGSHMTKQYKNYVNGEWKLSENEIKIYEPASGAELGSVPAMSTEEVDYVYASAKKAQPAWRALSYIERAAYLHKVADILMRDKEKIGAILSKEVAKGYKSAVSEVVRTAEIINYAAEEGLRMEGEVLEGGSFEAASKKKIAVVRREPVGLVLAISPFNYPVNLAGSKIAPALIAGNVIAFKPAQQGSISGLLLAEAFAEAGLPAGVFNTITGYVSEIGDYIVEHQAVNFINFTGSTGIGERIGKMAGMRPIMLELGGKDSAIVLEDADLELTAKNIIAGAFGYSGQRCTAVKRVLVMESVADELVEKIREKVLALTIGNPEDDADITPLIDTKSADYVEGLINDANDKGATALTEIKREGNLICPILFDKVTTDMRLAWEEPFGPVLPIIRVTSVEEAIEISNKSEYGLQASIFTNDFPRAFGIAEQLEVGTVHINNKTQRGTDNFPFLGAKKSGAGIQGVKYSIEAMTTVKSVVFDIK*,P178A + T179Q + R208Y + G209V,10.56363,28.9622469
pSM122,MGSSHHHHHHSSGLVPRGSHMTKQYKNYVNGEWKLSENEIKIYEPASGAELGSVPAMSTEEVDYVYASAKKAQPAWRALSYIERAAYLHKVADILMRDKEKIGAILSKEVAKGYKSAVSEVVRTAEIINYAAEEGLRMEGEVLEGGSFEAASKKKIAVVRREPVGLVLAISPFNYPVNLAGSKIAPALIAGNVIAFKPAQQGSISGLLLAEAFAEAGLPAGVFNTITGFVSEIGDYIVEHQAVNFINFTGSTGIGERIGKMAGMRPIMLELGGKDSAIVLEDADLELTAKNIIAGAFGYSGQRCTAVKRVLVMESVADELVEKIREKVLALTIGNPEDDADITPLIDTKSADYVEGLINDANDKGATALTEIKREGNLICPILFDKVTTDMRLAWEEPFGPVLPIIRVTSVEEAIEISNKSEYGLQASIFTNDFPRAFGIAEQLEVGTVHINNKTQRGTDNFPFLGAKKSGAGIQGVKYSIEAMTTVKSVVFDIK*,P178A + T179Q + R208F + G209V,15.14057,47.17688806
pSM123,MGSSHHHHHHSSGLVPRGSHMTKQYKNYVNGEWKLSENEFKIYEPASGAELGSVPAMSTEEVDYVYASAKKAQPAWRALSYIERAAYLHKVADILMRDKEKIGAILSKEVAKGYKSAVSEVVRTAEIINYAAEEGLRMEGEVLEGGSFEAASKKKIAVVRREPVGLVLAISPFNYPVNLAGSKIAPALIAGNVIAFKPSEQGSISGLLLAEAFAEAGLPAGVFNTITGRVSEIGDYIVEHQAVNFINFTGSTGIGERIGKMAGMRPIMLELGGKDSAIVLEDADLELTAKNIIAGAFGYSGQRCTAVKRVLVMESVADELVEKIREKVLALTIGNPEDDADITPLIDTKSADYVEGLINDANDKGATALTEIKREGNLICPILFDKVTTDMRLAWEEPFGPVLPIIRVTSVEEAIEISNKSEYGLQASIFTNDFPRAFGIAEQLEVGTVHINNKTQRGTDNFPFLGAKKSGAGIQGVKYSIEAMTTVKSVVFDIK*,I19F + P178S + T179E + G209V,13.18517,1.912053591
pSM124,MGSSHHHHHHSSGLVPRGSHMTKQYKNYVNGEWKLSENEFKIYEPASGAELGSVPAMSTEEVDYVYASAKKAQPAWRALSYIERAAYLHKVADILMRDKEKIGAILSKEVAKGYKSAVSEVVRTAEIINYAAEEGLRMEGEVLEGGSFEAASKKKIAVVRREPVGLVLAISPFNYPVNLAGSKIAPALIAGNVIAFKPAEQGSISGLLLAEAFAEAGLPAGVFNTITGRVSEIGDYIVEHQAVNFINFTGSTGIGERIGKMAGMRPIMLELGGKDSAIVLEDADLELTAKNIIAGAFGYSGQRCTAVKRVLVMESVADELVEKIREKVLALTIGNPEDDADITPLIDTKSADYVEGLINDANDKGATALTEIKREGNLICPILFDKVTTDMRLAWEEPFGPVLPIIRVTSVEEAIEISNKSEYGLQASIFTNDFPRAFGIAEQLEVGTVHINNKTQRGTDNFPFLGAKKSGAGIQGVKYSIEAMTTVKSVVFDIK*,I19F + P178A + T179E + G209V,19.72612,2.766936798
pSM125,MGSSHHHHHHSSGLVPRGSHMTKQYKNYVNGEWKLSENEFKIYEPASGAELGSVPAMSTEEVDYVYASAKKAQPAWRALSYIERAAYLHKVADILMRDKEKIGAILSKEVAKGYKSAVSEVVRTAEIINYAAEEGLRMEGEVLEGGSFEAASKKKIAVVRREPVGLVLAISPFNYPVNLAGSKIAPALIAGNVIAFKPSQQGSISGLLLAEAFAEAGLPAGVFNTITGRVSEIGDYIVEHQAVNFINFTGSTGIGERIGKMAGMRPIMLELGGKDSAIVLEDADLELTAKNIIAGAFGYSGQRCTAVKRVLVMESVADELVEKIREKVLALTIGNPEDDADITPLIDTKSADYVEGLINDANDKGATALTEIKREGNLICPILFDKVTTDMRLAWEEPFGPVLPIIRVTSVEEAIEISNKSEYGLQASIFTNDFPRAFGIAEQLEVGTVHINNKTQRGTDNFPFLGAKKSGAGIQGVKYSIEAMTTVKSVVFDIK*,I19F + P178S + T179Q + G209V,22.37864,45.54451848
pSM126,MGSSHHHHHHSSGLVPRGSHMTKQYKNYVNGEWKLSENEFKIYEPASGAELGSVPAMSTEEVDYVYASAKKAQPAWRALSYIERAAYLHKVADILMRDKEKIGAILSKEVAKGYKSAVSEVVRTAEIINYAAEEGLRMEGEVLEGGSFEAASKKKIAVVRREPVGLVLAISPFNYPVNLAGSKIAPALIAGNVIAFKPAQQGSISGLLLAEAFAEAGLPAGVFNTITGRVSEIGDYIVEHQAVNFINFTGSTGIGERIGKMAGMRPIMLELGGKDSAIVLEDADLELTAKNIIAGAFGYSGQRCTAVKRVLVMESVADELVEKIREKVLALTIGNPEDDADITPLIDTKSADYVEGLINDANDKGATALTEIKREGNLICPILFDKVTTDMRLAWEEPFGPVLPIIRVTSVEEAIEISNKSEYGLQASIFTNDFPRAFGIAEQLEVGTVHINNKTQRGTDNFPFLGAKKSGAGIQGVKYSIEAMTTVKSVVFDIK*,I19F + P178A + T179Q + G209V,22.14971,43.96140143
pSM127,MGSSHHHHHHSSGLVPRGSHMTKQYKNYVNGEWKLSENEFKIYEPASGAELGSVPAMSTEEVDYVYASAKKAQPAWRALSYIERAAYLHKVADILMRDKEKIGAILSKEVAKGYKSAVSEVVRTAEIINYAAEEGLRMEGEVLEGGSFEAASKKKIAVVRREPVGLVLAISPFNYPVNLAGSKIAPALIAGNVIAFKPSNQGSISGLLLAEAFAEAGLPAGVFNTITGRVSEIGDYIVEHQAVNFINFTGSTGIGERIGKMAGMRPIMLELGGKDSAIVLEDADLELTAKNIIAGAFGYSGQRCTAVKRVLVMESVADELVEKIREKVLALTIGNPEDDADITPLIDTKSADYVEGLINDANDKGATALTEIKREGNLICPILFDKVTTDMRLAWEEPFGPVLPIIRVTSVEEAIEISNKSEYGLQASIFTNDFPRAFGIAEQLEVGTVHINNKTQRGTDNFPFLGAKKSGAGIQGVKYSIEAMTTVKSVVFDIK*,I19F + P178S + T179N + G209V,2.34097,17.96310145
pSM128,MGSSHHHHHHSSGLVPRGSHMTKQYKNYVNGEWKLSENEFKIYEPASGAELGSVPAMSTEEVDYVYASAKKAQPAWRALSYIERAAYLHKVADILMRDKEKIGAILSKEVAKGYKSAVSEVVRTAEIINYAAEEGLRMEGEVLEGGSFEAASKKKIAVVRREPVGLVLAISPFNYPVNLAGSKIAPALIAGNVIAFKPASQGSISGLLLAEAFAEAGLPAGVFNTITGRVSEIGDYIVEHQAVNFINFTGSTGIGERIGKMAGMRPIMLELGGKDSAIVLEDADLELTAKNIIAGAFGYSGQRCTAVKRVLVMESVADELVEKIREKVLALTIGNPEDDADITPLIDTKSADYVEGLINDANDKGATALTEIKREGNLICPILFDKVTTDMRLAWEEPFGPVLPIIRVTSVEEAIEISNKSEYGLQASIFTNDFPRAFGIAEQLEVGTVHINNKTQRGTDNFPFLGAKKSGAGIQGVKYSIEAMTTVKSVVFDIK*,I19F + P178A + T179S + G209V,4.50465,28.48731179
pSM129,MGSSHHHHHHSSGLVPRGSHMTKQYKNYVNGEWKLSENEFKIYEPASGAELGSVPAMSTEEVDYVYASAKKAQPAWRALSYIERAAYLHKVADILMRDKEKIGAILSKEVAKGYKSAVSEVVRTAEIINYAAEEGLRMEGEVLEGGSFEAASKKKIAVVRREPVGLVLAISPFNYPVNLAGSKIAPALIAGNVIAFKPAQQGSISGLLLAEAFAEAGLPAGVFNTITGYVSEIGDYIVEHQAVNFINFTGSTGIGERIGKMAGMRPIMLELGGKDSAIVLEDADLELTAKNIIAGAFGYSGQRCTAVKRVLVMESVADELVEKIREKVLALTIGNPEDDADITPLIDTKSADYVEGLINDANDKGATALTEIKREGNLICPILFDKVTTDMRLAWEEPFGPVLPIIRVTSVEEAIEISNKSEYGLQASIFTNDFPRAFGIAEQLEVGTVHINNKTQRGTDNFPFLGAKKSGAGIQGVKYSIEAMTTVKSVVFDIK*,I19F + P178A + T179Q + R208Y + G209V,9.24511,20.01411754
pSM130,MGSSHHHHHHSSGLVPRGSHMTKQYKNYVNGEWKLSENEFKIYEPASGAELGSVPAMSTEEVDYVYASAKKAQPAWRALSYIERAAYLHKVADILMRDKEKIGAILSKEVAKGYKSAVSEVVRTAEIINYAAEEGLRMEGEVLEGGSFEAASKKKIAVVRREPVGLVLAISPFNYPVNLAGSKIAPALIAGNVIAFKPAQQGSISGLLLAEAFAEAGLPAGVFNTITGFVSEIGDYIVEHQAVNFINFTGSTGIGERIGKMAGMRPIMLELGGKDSAIVLEDADLELTAKNIIAGAFGYSGQRCTAVKRVLVMESVADELVEKIREKVLALTIGNPEDDADITPLIDTKSADYVEGLINDANDKGATALTEIKREGNLICPILFDKVTTDMRLAWEEPFGPVLPIIRVTSVEEAIEISNKSEYGLQASIFTNDFPRAFGIAEQLEVGTVHINNKTQRGTDNFPFLGAKKSGAGIQGVKYSIEAMTTVKSVVFDIK*,I19F + P178A + T179Q + R208F + G209V,18.02031,31.35627168
pSM140,MGSSHHHHHHSSGLVPRGSHMTKQYKNYVNGEWKLSENEIKIYEPASGAELGSVPAMSTEEVDYVYASAKKAQPAWRALSYIERAAYLHKVADILMRDKEKIGAILSKEVAKGYKSAVSEVVRTAEIINYAAEEGLRMEGEVLEGGSFEAASKKKIAVVRREPVGLVLAISPWNYPVNLAGSKIAPALIAGNVIAFKPAQQGSISGLLLAEAFAEAGLPAGVFNTITGRVSEIGDYIVEHQAVNFINFTGSTGIGERIGKMAGMRPIMLELGGKDSAIVLEDADLELTAKNIIAGAFGYSGQRCTAVKRVLVMESVADELVEKIREKVLALTIGNPEDDADITPLIDTKSADYVEGLINDANDKGATALTEIKREGNLICPILFDKVTTDMRLAWEEPFGPVLPIIRVTSVEEAIEISNKSEYGLQASIFTNDFPRAFGIAEQLEVGTVHINNKTQRGTDNFPFLGAKKSGAGIQGVKYSIEAMTTVKSVVFDIK*,F152W + P178A + T179Q + G209V,,
pSM141,MGSSHHHHHHSSGLVPRGSHMTKQYKNYVNGEWKLSENEIKIYEPASGAELGSVPAMSTEEVDYVYASAKKAQPAWRALSYIERAAYLHKVADILMRDKEKIGAILSKEVAKGYKSAVSEVVRTAEIINYAAEEGLRMEGEVLEGGSFEAASKKKIAVVRREPVGLVLAISPWNYPVNLAGSKIAPALIAGNVIAFKPAEQGSISGLLLAEAFAEAGLPAGVFNTITGRVSEIGDYIVEHQAVNFINFTGSTGIGERIGKMAGMRPIMLELGGKDSAIVLEDADLELTAKNIIAGAFGYSGQRCTAVKRVLVMESVADELVEKIREKVLALTIGNPEDDADITPLIDTKSADYVEGLINDANDKGATALTEIKREGNLICPILFDKVTTDMRLAWEEPFGPVLPIIRVTSVEEAIEISNKSEYGLQASIFTNDFPRAFGIAEQLEVGTVHINNKTQRGTDNFPFLGAKKSGAGIQGVKYSIEAMTTVKSVVFDIK*,F152W + P178A + T179E + G209V,,
pSM142,MGSSHHHHHHSSGLVPRGSHMTKQYKNYVNGEWKLSENEIKIYEPASGAELGSVPAMSTEEVDYVYASAKKAQPAWRALSYIERAAYLHKVADILMRDKEKIGAILSKEVAKGYKSAVSEVVRTAEIINYAAEEGLRMEGEVLEGGSFEAASKKKIAVVRREPVGLVLAISAWNYPVNLAGSKIAPALIAGNVIAFKPAQQGSISGLLLAEAFAEAGLPAGVFNTITGRVSEIGDYIVEHQAVNFINFTGSTGIGERIGKMAGMRPIMLELGGKDSAIVLEDADLELTAKNIIAGAFGYSGQRCTAVKRVLVMESVADELVEKIREKVLALTIGNPEDDADITPLIDTKSADYVEGLINDANDKGATALTEIKREGNLICPILFDKVTTDMRLAWEEPFGPVLPIIRVTSVEEAIEISNKSEYGLQASIFTNDFPRAFGIAEQLEVGTVHINNKTQRGTDNFPFLGAKKSGAGIQGVKYSIEAMTTVKSVVFDIK*,P151A + F152W + P178A + T179Q + G209V,,
pSM143,MGSSHHHHHHSSGLVPRGSHMTKQYKNYVNGEWKLSENEIKIYEPASGAELGSVPAMSTEEVDYVYASAKKAQPAWRALSYIERAAYLHKVADILMRDKEKIGAILSKEVAKGYKSAVSEVVRTAEIINYAAEEGLRMEGEVLEGGSFEAASKKKIAVVRREPVGLVLAISPWNYPVNLAGSKIAPALIAGNVIAFKPAQQGSISGLLLAEAFAEAGLPAGVFNTITGYVSEIGDYIVEHQAVNFINFTGSTGIGERIGKMAGMRPIMLELGGKDSAIVLEDADLELTAKNIIAGAFGYSGQRCTAVKRVLVMESVADELVEKIREKVLALTIGNPEDDADITPLIDTKSADYVEGLINDANDKGATALTEIKREGNLICPILFDKVTTDMRLAWEEPFGPVLPIIRVTSVEEAIEISNKSEYGLQASIFTNDFPRAFGIAEQLEVGTVHINNKTQRGTDNFPFLGAKKSGAGIQGVKYSIEAMTTVKSVVFDIK*,F152W + P178A + T179Q + R208Y + G209V ,,
pSM144,MGSSHHHHHHSSGLVPRGSHMTKQYKNYVNGEWKLSENEIKIYEPASGAELGSVPAMSTEEVDYVYASAKKAQPAWRALSYIERAAYLHKVADILMRDKEKIGAILSKEVAKGYKSAVSEVVRTAEIINYAAEEGLRMEGEVLEGGSFEAASKKKIAVVRREPVGLVLAISPQNYPVNLAGSKIAPALIAGNVIAFKPAQQGSISGLLLAEAFAEAGLPAGVFNTITGRVSEIGDYIVEHQAVNFINFTGSTGIGERIGKMAGMRPIMLELGGKDSAIVLEDADLELTAKNIIAGAFGYSGQRCTAVKRVLVMESVADELVEKIREKVLALTIGNPEDDADITPLIDTKSADYVEGLINDANDKGATALTEIKREGNLICPILFDKVTTDMRLAWEEPFGPVLPIIRVTSVEEAIEISNKSEYGLQASIFTNDFPRAFGIAEQLEVGTVHINNKTQRGTDNFPFLGAKKSGAGIQGVKYSIEAMTTVKSVVFDIK*,F152Q + P178A + T179Q + G209V,,
pSM145,MGSSHHHHHHSSGLVPRGSHMTKQYKNYVNGEWKLSENEIKIYEPASGAELGSVPAMSTEEVDYVYASAKKAQPAWRALSYIERAAYLHKVADILMRDKEKIGAILSKEVAKGYKSAVSEVVRTAEIINYAAEEGLRMEGEVLEGGSFEAASKKKIAVVRREPVGLVLAISPWNYPVNLAGSKIAPALIAGNVIAFKPSQQGSISGLLLAEAFAEAGLPAGVFNTITGRVSEIGDYIVEHQAVNFINFTGSTGIGERIGKMAGMRPIMLELGGKDSAIVLEDADLELTAKNIIAGAFGYSGQRCTAVKRVLVMESVADELVEKIREKVLALTIGNPEDDADITPLIDTKSADYVEGLINDANDKGATALTEIKREGNLICPILFDKVTTDMRLAWEEPFGPVLPIIRVTSVEEAIEISNKSEYGLQASIFTNDFPRAFGIAEQLEVGTVHINNKTQRGTDNFPFLGAKKSGAGIQGVKYSIEAMTTVKSVVFDIK*,F152W + P178S + T179Q + G209V,,
pSM146,MGSSHHHHHHSSGLVPRGSHMTKQYKNYVNGEWKLSENEIKIYEPASGAELGSVPAMSTEEVDYVYASAKKAQPAWRALSYIERAAYLHKVADILMRDKEKIGAILSKEVAKGYKSAVSEVVRTAEIINYAAEEGLRMEGEVLEGGSFEAASKKKIAVVRREPVGLVLAISAWNYPVNLAGSKIAPALIAGNVIAFKPAEQGSISGLLLAEAFAEAGLPAGVFNTITGRVSEIGDYIVEHQAVNFINFTGSTGIGERIGKMAGMRPIMLELGGKDSAIVLEDADLELTAKNIIAGAFGYSGQRCTAVKRVLVMESVADELVEKIREKVLALTIGNPEDDADITPLIDTKSADYVEGLINDANDKGATALTEIKREGNLICPILFDKVTTDMRLAWEEPFGPVLPIIRVTSVEEAIEISNKSEYGLQASIFTNDFPRAFGIAEQLEVGTVHINNKTQRGTDNFPFLGAKKSGAGIQGVKYSIEAMTTVKSVVFDIK*,P151A + F152W + P178A + T179E + G209V,,
pSM147,MGSSHHHHHHSSGLVPRGSHMTKQYKNYVNGEWKLSENEIKIYEPASGAELGSVPAMSTEEVDYVYASAKKAQPAWRALSYIERAAYLHKVADILMRDKEKIGAILSKEVAKGYKSAVSEVVRTAEIINYAAEEGLRMEGEVLEGGSFEAASKKKIAVVRREPVGLVLAISPFNYPVNLAGSKIAPALIAGNVIAFKPAEQGSISGLLLAEAFAEAGLPAGVFNTITGYVSEIGDYIVEHQAVNFINFTGSTGIGERIGKMAGMRPIMLELGGKDSAIVLEDADLELTAKNIIAGAFGYSGQRCTAVKRVLVMESVADELVEKIREKVLALTIGNPEDDADITPLIDTKSADYVEGLINDANDKGATALTEIKREGNLICPILFDKVTTDMRLAWEEPFGPVLPIIRVTSVEEAIEISNKSEYGLQASIFTNDFPRAFGIAEQLEVGTVHINNKTQRGTDNFPFLGAKKSGAGIQGVKYSIEAMTTVKSVVFDIK*,P178A + T179E + R208Y + G209V,,
pSM148,MGSSHHHHHHSSGLVPRGSHMTKQYKNYVNGEWKLSENEIKIYEPASGAELGSVPAMSTEEVDYVYASAKKAQPAWRALSYIERAAYLHKVADILMRDKEKIGAILSKEVAKGYKSAVSEVVRTAEIINYAAEEGLRMEGEVLEGGSFEAASKKKIAVVRREPVGLVLAISPWNYPVNLAGSKIAPALIAGNVIAFKPAEQGSISGLLLAEAFAEAGLPAGVFNTITGYVSEIGDYIVEHQAVNFINFTGSTGIGERIGKMAGMRPIMLELGGKDSAIVLEDADLELTAKNIIAGAFGYSGQRCTAVKRVLVMESVADELVEKIREKVLALTIGNPEDDADITPLIDTKSADYVEGLINDANDKGATALTEIKREGNLICPILFDKVTTDMRLAWEEPFGPVLPIIRVTSVEEAIEISNKSEYGLQASIFTNDFPRAFGIAEQLEVGTVHINNKTQRGTDNFPFLGAKKSGAGIQGVKYSIEAMTTVKSVVFDIK*,F152W + P178A + T179E + R208Y + G209V,,
pSM149,MGSSHHHHHHSSGLVPRGSHMTKQYKNYVNGEWKLSENEIKIYEPASGAELGSVPAMSTEEVDYVYASAKKAQPAWRALSYIERAAYLHKVADILMRDKEKIGAILSKEVAKGYKSAVSEVVRTAEIINYAAEEGLRMEGEVLEGGSFEAASKKKIAVVRREPVGLVLAISPQNYPVNLAGSKIAPALIAGNVIAFKPAEQGSISGLLLAEAFAEAGLPAGVFNTITGRVSEIGDYIVEHQAVNFINFTGSTGIGERIGKMAGMRPIMLELGGKDSAIVLEDADLELTAKNIIAGAFGYSGQRCTAVKRVLVMESVADELVEKIREKVLALTIGNPEDDADITPLIDTKSADYVEGLINDANDKGATALTEIKREGNLICPILFDKVTTDMRLAWEEPFGPVLPIIRVTSVEEAIEISNKSEYGLQASIFTNDFPRAFGIAEQLEVGTVHINNKTQRGTDNFPFLGAKKSGAGIQGVKYSIEAMTTVKSVVFDIK*,F152Q + P178A + T179E + G209V,,
pSM150,MGSSHHHHHHSSGLVPRGSHMTKQYKNYVNGEWKLSENEIKIYEPASGAELGSVPAMSTEEVDYVYASAKKAQPAWRALSYIERAAYLHKVADILMRDKEKIGAILSKEVAKGYKSAVSEVVRTAEIINYAAEEGLRMEGEVLEGGSFEAASKKKIAVVRREPVGLVLAISPSNYPVNLAGSKIAPALIAGNVIAFKPAQQGSISGLLLAEAFAEAGLPAGVFNTITGRVSEIGDYIVEHQAVNFINFTGSTGIGERIGKMAGMRPIMLELGGKDSAIVLEDADLELTAKNIIAGAFGYSGQRCTAVKRVLVMESVADELVEKIREKVLALTIGNPEDDADITPLIDTKSADYVEGLINDANDKGATALTEIKREGNLICPILFDKVTTDMRLAWEEPFGPVLPIIRVTSVEEAIEISNKSEYGLQASIFTNDFPRAFGIAEQLEVGTVHINNKTQRGTDNFPFLGAKKSGAGIQGVKYSIEAMTTVKSVVFDIK*,F152S + P178A + T179Q + G209V,,
pSM151,MGSSHHHHHHSSGLVPRGSHMTKQYKNYVNGEWKLSENEIKIYEPASGAELGSVPAMSTEEVDYVYASAKKAQPAWRALSYIERAAYLHKVADILMRDKEKIGAILSKEVAKGYKSAVSEVVRTAEIINYAAEEGLRMEGEVLEGGSFEAASKKKIAVVRREPVGLVLAISPSNYPVNLAGSKIAPALIAGNVIAFKPAQQGSISGLLLAEAFAEAGLPAGVFNTITGRVSEIGDYIVEHQAVNFINFTGSTGIGERIGKMAGMRPIMLELGGKDSAIVLEDADLELTAKNIIAGAFGYSGQRCTAVKRVLVMESVADELVEKIREKVLALTIGNPEDDADITPLIDTKSADYVEGLINDANDKGATALTEIKREGNLICPILFDKVTTDMRLAWEEPNGPVLPIIRVTSVEEAIEISNKSEYGLQASIFTNDFPRAFGIAEQLEVGTVHINNKTQRGTDNFPFLGAKKSGAGIQGVKYSIEAMTTVKSVVFDIK*,F152S + P178A + T179Q + G209V + F378N,,
pSM152,MGSSHHHHHHSSGLVPRGSHMTKQYKNYVNGEWKLSENEIKIYEPASGAELGSVPAMSTEEVDYVYASAKKAQPAWRALSYIERAAYLHKVADILMRDKEKIGAILSKEVAKGYKSAVSEVVRTAEIINYAAEEGLRMEGEVLEGGSFEAASKKKIAVVRREPVGLVLAISAWNYPVNLAGSKIAPALIAGNVIAFKPAQQGSISGLLLAEAFAEAGLPAGVFNTITGYVSEIGDYIVEHQAVNFINFTGSTGIGERIGKMAGMRPIMLELGGKDSAIVLEDADLELTAKNIIAGAFGYSGQRCTAVKRVLVMESVADELVEKIREKVLALTIGNPEDDADITPLIDTKSADYVEGLINDANDKGATALTEIKREGNLICPILFDKVTTDMRLAWEEPFGPVLPIIRVTSVEEAIEISNKSEYGLQASIFTNDFPRAFGIAEQLEVGTVHINNKTQRGTDNFPFLGAKKSGAGIQGVKYSIEAMTTVKSVVFDIK*,P151A + F152W + P178A + T179Q + R208Y + G209V,,
pSM153,MGSSHHHHHHSSGLVPRGSHMTKQYKNYVNGEWKLSENEIKIYEPASGAELGSVPAMSTEEVDYVYASAKKAQPAWRALSYIERAAYLHKVADILMRDKEKIGAILSKEVAKGYKSAVSEVVRTAEIINYAAEEGLRMEGEVLEGGSFEAASKKKIAVVRREPVGLVLAISAQNYPVNLAGSKIAPALIAGNVIAFKPAQQGSISGLLLAEAFAEAGLPAGVFNTITGRVSEIGDYIVEHQAVNFINFTGSTGIGERIGKMAGMRPIMLELGGKDSAIVLEDADLELTAKNIIAGAFGYSGQRCTAVKRVLVMESVADELVEKIREKVLALTIGNPEDDADITPLIDTKSADYVEGLINDANDKGATALTEIKREGNLICPILFDKVTTDMRLAWEEPFGPVLPIIRVTSVEEAIEISNKSEYGLQASIFTNDFPRAFGIAEQLEVGTVHINNKTQRGTDNFPFLGAKKSGAGIQGVKYSIEAMTTVKSVVFDIK*,P151A + F152Q + P178A + T179Q + G209V,,
pSM154,MGSSHHHHHHSSGLVPRGSHMTKQYKNYVNGEWKLSENEIKIYEPASGAELGSVPAMSTEEVDYVYASAKKAQPAWRALSYIERAAYLHKVADILMRDKEKIGAILSKEVAKGYKSAVSEVVRTAEIINYAAEEGLRMEGEVLEGGSFEAASKKKIAVVRREPVGLVLAISPWNYPVNLAGSKIAPALIAGNVIAFKVAQQGSISGLLLAEAFAEAGLPAGVFNTITGRVSEIGDYIVEHQAVNFINFTGSTGIGERIGKMAGMRPIMLELGGKDSAIVLEDADLELTAKNIIAGAFGYSGQRCTAVKRVLVMESVADELVEKIREKVLALTIGNPEDDADITPLIDTKSADYVEGLINDANDKGATALTEIKREGNLICPILFDKVTTDMRLAWEEPFGPVLPIIRVTSVEEAIEISNKSEYGLQASIFTNDFPRAFGIAEQLEVGTVHINNKTQRGTDNFPFLGAKKSGAGIQGVKYSIEAMTTVKSVVFDIK*,F152W + P177V + P178A + T179Q + G209V,,
pSM155,MGSSHHHHHHSSGLVPRGSHMTKQYKNYVNGEWKLSENEIKIYEPASGAELGSVPAMSTEEVDYVYASAKKAQPAWRALSYIERAAYLHKVADILMRDKEKIGAILSKEVAKGYKSAVSEVVRTAEIINYAAEEGLRMEGEVLEGGSFEAASKKKIAVVRREPVGLVLAISPWNYPVNLAGSKIAPALIAGNVIAFKVAQQGSISGLLLAEAFAEAGLPAGVFNTITGYVSEIGDYIVEHQAVNFINFTGSTGIGERIGKMAGMRPIMLELGGKDSAIVLEDADLELTAKNIIAGAFGYSGQRCTAVKRVLVMESVADELVEKIREKVLALTIGNPEDDADITPLIDTKSADYVEGLINDANDKGATALTEIKREGNLICPILFDKVTTDMRLAWEEPFGPVLPIIRVTSVEEAIEISNKSEYGLQASIFTNDFPRAFGIAEQLEVGTVHINNKTQRGTDNFPFLGAKKSGAGIQGVKYSIEAMTTVKSVVFDIK*,F152W + P177V + P178A + T179Q + R208Y + G209V,,
pSM156,MGSSHHHHHHSSGLVPRGSHMTKQYKNYVNGEWKLSENEIKIYEPASGAELGSVPAMSTEEVDYVYASAKKAQPAWRALSYIERAAYLHKVADILMRDKEKIGAILSKEVAKGYKSAVSEVVRTAEIINYAAEEGLRMEGEVLEGGSFEAASKKKIAVVRREPVGLVLAISAWNYPVNLAGSKIAPALIAGNVIAFKVAQQGSISGLLLAEAFAEAGLPAGVFNTITGRVSEIGDYIVEHQAVNFINFTGSTGIGERIGKMAGMRPIMLELGGKDSAIVLEDADLELTAKNIIAGAFGYSGQRCTAVKRVLVMESVADELVEKIREKVLALTIGNPEDDADITPLIDTKSADYVEGLINDANDKGATALTEIKREGNLICPILFDKVTTDMRLAWEEPFGPVLPIIRVTSVEEAIEISNKSEYGLQASIFTNDFPRAFGIAEQLEVGTVHINNKTQRGTDNFPFLGAKKSGAGIQGVKYSIEAMTTVKSVVFDIK*,P151A + F152W + P177V + P178A + T179Q + G209V,,
pSM157,MGSSHHHHHHSSGLVPRGSHMTKQYKNYVNGEWKLSENEIKIYEPASGAELGSVPAMSTEEVDYVYASAKKAQPAWRALSYIERAAYLHKVADILMRDKEKIGAILSKEVAKGYKSAVSEVVRTAEIINYAAEEGLRMEGEVLEGGSFEAASKKKIAVVRREPVGLVLAISAWNYPVNLAGSKIAPALIAGNVIAFKVAQQGSISGLLLAEAFAEAGLPAGVFNTITGYVSEIGDYIVEHQAVNFINFTGSTGIGERIGKMAGMRPIMLELGGKDSAIVLEDADLELTAKNIIAGAFGYSGQRCTAVKRVLVMESVADELVEKIREKVLALTIGNPEDDADITPLIDTKSADYVEGLINDANDKGATALTEIKREGNLICPILFDKVTTDMRLAWEEPFGPVLPIIRVTSVEEAIEISNKSEYGLQASIFTNDFPRAFGIAEQLEVGTVHINNKTQRGTDNFPFLGAKKSGAGIQGVKYSIEAMTTVKSVVFDIK*,P151A + F152W + P177V + P178A + T179Q + R208Y + G209V,,
pSM158,MGSSHHHHHHSSGLVPRGSHMTKQYKNYVNGEWKLSENEIKIYEPASGAELGSVPAMSTEEVDYVYASAKKAQPAWRALSYIERAAYLHKVADILMRDKEKIGAILSKEVAKGYKSAVSEVVRTAEIINYAAEEGLRMEGEVLEGGSFEAASKKKIAVVRREPVGLVLAIIAWNYPVNLAGSKIAPALIAGNVIAFKVAQQGSISGLLLAEAFAEAGLPAGVFNTITGYVSEIGDYIVEHQAVNFINFTGSTGIGERIGKMAGMRPIMLELGGKDSAIVLEDADLELTAKNIIAGAFGYSGQRCTAVKRVLVMESVADELVEKIREKVLALTIGNPEDDADITPLIDTKSADYVEGLINDANDKGATALTEIKREGNLICPILFDKVTTDMRLAWEEPFGPVLPIIRVTSVEEAIEISNKSEYGLQASIFTNDFPRAFGIAEQLEVGTVHINNKTQRGTDNFPFLGAKKSGAGIQGVKYSIEAMTTVKSVVFDIK*,S150I + P151A + F152W + P177V + P178A + T179Q + R208Y + G209V,,
pSM159,MGSSHHHHHHSSGLVPRGSHMTKQYKNYVNGEWKLSENEIKIYEPASGAELGSVPAMSTEEVDYVYASAKKAQPAWRALSYIERAAYLHKVADILMRDKEKIGAILSKEVAKGYKSAVSEVVRTAEIINYAAEEGLRMEGEVLEGGSFEAASKKKIAVVRREPVGLVLAISPFNYPVNLAGSKIAPALIAGNVIAFKPAQQGSISGLLLAEAFAEAGLPAGVFNTITGRVSEIGDYIVEHQAVNFINFTGSTGTGERIGKMAGMRPIMLELGGKDSAIVLEDADLELTAKNIIAGAFGYSGQRCTAVKRVLVMESVADELVEKIREKVLALTIGNPEDDADITPLIDTKSADYVEGLINDANDKGATALTEIKREGNLICPILFDKVTTDMRLAWEEPFGPVLPIIRVTSVEEAIEISNKSEYGLQASIFTNDFPRAFGIAEQLEVGTVHINNKTQRGTDNFPFLGAKKSGAGIQGVKYSIEAMTTVKSVVFDIK*,P178A + T179Q + G209V + I233T,,
pSM160,MGSSHHHHHHSSGLVPRGSHMTKQYKNYVNGEWKLSENEIKIYEPASGAELGSVPAMSTEEVDYVYASAKKAQPAWRALSYIERAAYLHKVADILMRDKEKIGAILSKEVAKGYKSAVSEVVRTAEIINYAAEEGLRMEGEVLEGGSFEAASKKKIAVVRREPVGLVLAISPFNYPVNLAGSKIAPALIAGNVIAFKPAQQGSISGLLLAEAFAEAGLPAGVFNTITGRVSEIGDYIVEHQAVNFINFTGSTGVGERIGKMAGMRPIMLELGGKDSAIVLEDADLELTAKNIIAGAFGYSGQRCTAVKRVLVMESVADELVEKIREKVLALTIGNPEDDADITPLIDTKSADYVEGLINDANDKGATALTEIKREGNLICPILFDKVTTDMRLAWEEPFGPVLPIIRVTSVEEAIEISNKSEYGLQASIFTNDFPRAFGIAEQLEVGTVHINNKTQRGTDNFPFLGAKKSGAGIQGVKYSIEAMTTVKSVVFDIK*,P178A + T179Q + G209V + I233V,,
