,Sequence,WT_mutations,NAD+_initial_rate,NADP+_initial_rate,mutation_from_annot,ancestor,NAD+_rate_diff,NAD+_ancestor
WT,MTKQYKNYVNGEWKLSENEIKIYEPASGAELGSVPAMSTEEVDYVYASAKKAQPAWRALSYIERAAYLHKVADILMRDKEKIGAILSKEVAKGYKSAVSEVVRTAEIINYAAEEGLRMEGEVLEGGSFEAASKKKIAVVRREPVGLVLAISPFNYPVNLAGSKIAPALIAGNVIAFKPPTQGSISGLLLAEAFAEAGLPAGVFNTITGRGSEIGDYIVEHQAVNFINFTGSTGIGERIGKMAGMRPIMLELGGKDSAIVLEDADLELTAKNIIAGAFGYSGQRCTAVKRVLVMESVADELVEKIREKVLALTIGNPEDDADITPLIDTKSADYVEGLINDANDKGATALTEIKREGNLICPILFDKVTTDMRLAWEEPFGPVLPIIRVTSVEEAIEISNKSEYGLQASIFTNDFPRAFGIAEQLEVGTVHINNKTQRGTDNFPFLGAKKSGAGIQGVKYSIEAMTTVKSVVFDIK,,0.17667,41.34222222,{''},WT,0.0,0.17667
SM038,MTKQYKNYVNGEWKLSENEIKIYEPASGAELGSVPAMSTEEVDYVYASAKKAQPAWRALSYIERAAYLHKVADILMRDKEKIGAILSKEVAKGYKSAVSEVVRTAEIINYAAEEGLRMEGEVLEGGSFEAASKKKIAVVRREPVGLVLAISPFNYPVNLAGSKIAPALIAGNVIAFKPPTQGSISGLLLAEAFAEAGLPAGVFNTITGRVSEIGDYIVEHQAVNFINFTGSTGIGERIGKMAGMRPIMLELGGKDSAIVLEDADLELTAKNIIAGAFGYSGQRCTAVKRVLVMESVADELVEKIREKVLALTIGNPEDDADITPLIDTKSADYVEGLINDANDKGATALTEIKREGNLICPILFDKVTTDMRLAWEEPFGPVLPIIRVTSVEEAIEISNKSEYGLQASIFTNDFPRAFGIAEQLEVGTVHINNKTQRGTDNFPFLGAKKSGAGIQGVKYSIEAMTTVKSVVFDIK,G209V,0.80667,39.05555556,{'G209V'},WT,0.63,0.17667
SM053,MTKQYKNYVNGEWKLSENEIKIYEPASGAELGSVPAMSTEEVDYVYASAKKAQPAWRALSYIERAAYLHKVADILMRDKEKIGAILSKEVAKGYKSAVSEVVRTAEIINYAAEEGLRMEGEVLEGGSFEAASKKKIAVVRREPVGLVLAISPFNYPVNLAGSKIAPALIAGNVIAFHPPEQGSISGLLLAEAFAEAGLPAGVFNTITGRGEEIGDYIVEHQAVNFINFTGSTGIGERIGKMAGMRPIMLELGGKDSAIVLEDADLELTAKNIIAGAFGYSGQRCTAVKRVLVMESVADELVEKIREKVLALTIGNPEDDADITPLIDTKSADYVEGLINDANDKGATALTEIKREGNLICPILFDKVTTDMRLAWEEPFGPVLPIIRVTSVEEAIEISNKSEYGLQASIFTNDFPRAFGIAEQLEVGTVHINNKTQRGTDNFPFLGAKKSGAGIQGVKYSIEAMTTVKSVVFDIK,K176H + T179E + S210E,0.00333,0.053333333,"{'K176H', 'S210E', 'T179E'}",SM056,0.04333,-0.04
SM055,MTKQYKNYVNGEWKLSENEIKIYEPASGAELGSVPAMSTEEVDYVYASAKKAQPAWRALSYIERAAYLHKVADILMRDKEKIGAILSKEVAKGYKSAVSEVVRTAEIINYAAEEGLRMEGEVLEGGSFEAASKKKIAVVRREPVGLVLAISAFNYPVNLAGSKIAPALIAGNVIAFKPPEIGSISGLLLAEAFAEAGLPAGVFNTITGRGEEIGDYIVEHQAVNFINFTGSTGIGERIGKMAGMRPIMLELGGKDSAIVLEDADLELTAKNIIAGAFGYSGQRCTAVKRVLVMESVADELVEKIREKVLALTIGNPEDDADITPLIDTKSADYVEGLINDANDKGATALTEIKREGNLICPILFDKVTTDMRLAWEEPFGPVLPIIRVTSVEEAIEISNKSEYGLQASIFTNDFPRAFGIAEQLEVGTVHINNKTQRGTDNFPFLGAKKSGAGIQGVKYSIEAMTTVKSVVFDIK,P151A + T179E + Q180I + S210E,-0.00667,-0.013333333,"{'P151A', 'S210E', 'T179E', 'Q180I'}",SM059,-0.01334,0.00667
SM059,MTKQYKNYVNGEWKLSENEIKIYEPASGAELGSVPAMSTEEVDYVYASAKKAQPAWRALSYIERAAYLHKVADILMRDKEKIGAILSKEVAKGYKSAVSEVVRTAEIINYAAEEGLRMEGEVLEGGSFEAASKKKIAVVRREPVGLVLAISAFNYPVNLAGSKIAPALIAGNVIAFKPPTIGSISGLLLAEAFAEAGLPAGVFNTITGRGEEIGDYIVEHQAVNFINFTGSTGIGERIGKMAGMRPIMLELGGKDSAIVLEDADLELTAKNIIAGAFGYSGQRCTAVKRVLVMESVADELVEKIREKVLALTIGNPEDDADITPLIDTKSADYVEGLINDANDKGATALTEIKREGNLICPILFDKVTTDMRLAWEEPFGPVLPIIRVTSVEEAIEISNKSEYGLQASIFTNDFPRAFGIAEQLEVGTVHINNKTQRGTDNFPFLGAKKSGAGIQGVKYSIEAMTTVKSVVFDIK,P151A + Q180I + S210E,0.00667,-0.106666667,"{'P151A', 'S210E', 'Q180I'}",SM058,0.11334,-0.10667
SM072,MTKQYKNYVNGEWKLSENEIKIYEPASGAELGSVPAMSTEEVDYVYASAKKAQPAWRALSYIERAAYLHKVADILMRDKEKIGAILSKEVAKGYKSAVSEVVRTAEIINYAAEEGLRMEGEVLEGGSFEAASKKKIAVVRREPVGLVLAISPFNYPVNLAGSKIAPALIAGNVIAFFPPEQGSISGLLLAEAFAEAGLPAGVFNTITGRGEEIGDYIVEHQAVNFINFTGSTGIGERIGKMAGMRPIMLELGGKDSAIVLEDADLELTAKNIIAGAFGYSGQRCTAVKRVLVMESVADELVEKIREKVLALTIGNPEDDADITPLIDTKSADYVEGLINDANDKGATALTEIKREGNLICPILFDKVTTDMRLAWEEPFGPVLPIIRVTSVEEAIEISNKSEYGLQASIFTNDFPRAFGIAEQLEVGTVHINNKTQRGTDNFPFLGAKKSGAGIQGVKYSIEAMTTVKSVVFDIK,K176F + T179E + S210E,0.03222,-0.02,"{'K176F', 'S210E', 'T179E'}",SM050,0.03555,-0.00333
SM072,MTKQYKNYVNGEWKLSENEIKIYEPASGAELGSVPAMSTEEVDYVYASAKKAQPAWRALSYIERAAYLHKVADILMRDKEKIGAILSKEVAKGYKSAVSEVVRTAEIINYAAEEGLRMEGEVLEGGSFEAASKKKIAVVRREPVGLVLAISPFNYPVNLAGSKIAPALIAGNVIAFFPPEQGSISGLLLAEAFAEAGLPAGVFNTITGRGEEIGDYIVEHQAVNFINFTGSTGIGERIGKMAGMRPIMLELGGKDSAIVLEDADLELTAKNIIAGAFGYSGQRCTAVKRVLVMESVADELVEKIREKVLALTIGNPEDDADITPLIDTKSADYVEGLINDANDKGATALTEIKREGNLICPILFDKVTTDMRLAWEEPFGPVLPIIRVTSVEEAIEISNKSEYGLQASIFTNDFPRAFGIAEQLEVGTVHINNKTQRGTDNFPFLGAKKSGAGIQGVKYSIEAMTTVKSVVFDIK,K176F + T179E + S210E,0.03222,-0.02,"{'K176F', 'S210E', 'T179E'}",SM051,0.012219999999999998,0.02
SM073,MTKQYKNYVNGEWKLSENEIKIYEPASGAELGSVPAMSTEEVDYVYASAKKAQPAWRALSYIERAAYLHKVADILMRDKEKIGAILSKEVAKGYKSAVSEVVRTAEIINYAAEEGLRMEGEVLEGGSFEAASKKKIAVVRREPVGLVLAISSFNYPVNLAGSKIAPALIAGNVIAFFPPTQGSISGLLLAEAFAEAGLPAGVFNTITGRGEEIGDYIVEHQAVNFINFTGSTGIGERIGKMAGMRPIMLELGGKDSAIVLEDADLELTAKNIIAGAFGYSGQRCTAVKRVLVMESVADELVEKIREKVLALTIGNPEDDADITPLIDTKSADYVEGLINDANDKGATALTEIKREGNLICPILFDKVTTDMRLAWEEPFGPVLPIIRVTSVEEAIEISNKSEYGLQASIFTNDFPRAFGIAEQLEVGTVHINNKTQRGTDNFPFLGAKKSGAGIQGVKYSIEAMTTVKSVVFDIK,P151S + K176F + S210E,0.02667,0.03,"{'K176F', 'P151S', 'S210E'}",SM050,0.03,-0.00333
SM075,MTKQYKNYVNGEWKLSENEIKIYEPASGAELGSVPAMSTEEVDYVYASAKKAQPAWRALSYIERAAYLHKVADILMRDKEKIGAILSKEVAKGYKSAVSEVVRTAEIINYAAEEGLRMEGEVLEGGSFEAASKKKIAVVRREPVGLVLAISPFNYPVNLAGSKIAPALIAGNVIAFKPSSQGSISGLLLAEAFAEAGLPAGVFNTITVPVSEIGDYIVEHQAVNFINFTGSTGIGERIGKMAGMRPIMLELGGKDSAIVLEDADLELTAKNIIAGAFGYSGQRCTAVKRVLVMESVADELVEKIREKVLALTIGNPEDDADITPLIDTKSADYVEGLINDANDKGATALTEIKREGNLICPILFDKVTTDMRLAWEEPFGPVLPIIRVTSVEEAIEISNKSEYGLQASIFTNDFPRAFGIAEQLEVGTVHINNKTQRGTDNFPFLGAKKSGAGIQGVKYSIEAMTTVKSVVFDIK,P178S + T179S + G207V + R208P + G209V,0.01667,0.322222222,"{'G207V', 'R208P', 'T179S', 'G209V', 'P178S'}",SM074,-0.04888999999999999,0.06556
SM078,MTKQYKNYVNGEWKLSENEIKIYEPASGAELGSVPAMSTEEVDYVYASAKKAQPAWRALSYIERAAYLHKVADILMRDKEKIGAILSKEVAKGYKSAVSEVVRTAEIINYAAEEGLRMEGEVLEGGSFEAASKKKIAVVRREPVGLVLAISPFNYPVNLAGSKIAPALIAGNVIAFKPPTQGSISGLLLAEAFAEAGLPAGVFNTITGRGSEIGDYIVEHQAVNFINFTGSTGVGERIGKMAGMRPIMLELGGKDSAIVLEDADLELTAKNIIAGAFGYSGQRCTAVKRVLVMESVADELVEKIREKVLALTIGNPEDDADITPLIDTKSADYVEGLINDANDKGATALTEIKREGNLICPILFDKVTTDMRLAWEEPFGPVLPIIRVTSVEEAIEISNKSEYGLQASIFTNDFPRAFGIAEQLEVGTVHINNKTQRGTDNFPFLGAKKSGAGIQGVKYSIEAMTTVKSVVFDIK,I233V,0.03333,23.54,{'I233V'},WT,-0.14334,0.17667
SM079,MTKQYKNYVNGEWKLSENEIKIYEPASGAELGSVPAMSTEEVDYVYASAKKAQPAWRALSYIERAAYLHKVADILMRDKEKIGAILSKEVAKGYKSAVSEVVRTAEIINYAAEEGLRMEGEVLEGGSFEAASKKKIAVVRREPVGLVLAISPFNYPVNLAGSKIAPALIAGNVIAFKPPTQGSISGLLLAEAFAEAGLPAGVFNTITGRGSEIGDYIVEHQAVNFINFTGSTGTGERIGKMAGMRPIMLELGGKDSAIVLEDADLELTAKNIIAGAFGYSGQRCTAVKRVLVMESVADELVEKIREKVLALTIGNPEDDADITPLIDTKSADYVEGLINDANDKGATALTEIKREGNLICPILFDKVTTDMRLAWEEPFGPVLPIIRVTSVEEAIEISNKSEYGLQASIFTNDFPRAFGIAEQLEVGTVHINNKTQRGTDNFPFLGAKKSGAGIQGVKYSIEAMTTVKSVVFDIK,I233T,0.11111,24.84666667,{'I233T'},WT,-0.06556,0.17667
SM080,MTKQYKNYVNGEWKLSENEIKIYEPASGAELGSVPAMSTEEVDYVYASAKKAQPAWRALSYIERAAYLHKVADILMRDKEKIGAILSKEVAKGYKSAVSEVVRTAEIINYAAEEGLRMEGEVLEGGSFEAASKKKIAVVRREPVGLVLAISPFNYPVNLAGSKIAPALIAGNVIAFKPSTQGSISGLLLAEAFAEAGLPAGVFNTITGRGSEIGDYIVEHQAVNFINFTGSTGIGERIGKMAGMRPIMLELGGKDSAIVLEDADLELTAKNIIAGAFGYSGQRCTAVKRVLVMESVADELVEKIREKVLALTIGNPEDDADITPLIDTKSADYVEGLINDANDKGATALTEIKREGNLICPILFDKVTTDMRLAWEEPFGPVLPIIRVTSVEEAIEISNKSEYGLQASIFTNDFPRAFGIAEQLEVGTVHINNKTQRGTDNFPFLGAKKSGAGIQGVKYSIEAMTTVKSVVFDIK,P178S,0.49333,19.59333333,{'P178S'},WT,0.31666,0.17667
SM081,MTKQYKNYVNGEWKLSENEIKIYEPASGAELGSVPAMSTEEVDYVYASAKKAQPAWRALSYIERAAYLHKVADILMRDKEKIGAILSKEVAKGYKSAVSEVVRTAEIINYAAEEGLRMEGEVLEGGSFEAASKKKIAVVRREPVGLVLAISPFNYPVNLAGSKIAPALIAGNVIAFKPNTQGSISGLLLAEAFAEAGLPAGVFNTITGRGSEIGDYIVEHQAVNFINFTGSTGIGERIGKMAGMRPIMLELGGKDSAIVLEDADLELTAKNIIAGAFGYSGQRCTAVKRVLVMESVADELVEKIREKVLALTIGNPEDDADITPLIDTKSADYVEGLINDANDKGATALTEIKREGNLICPILFDKVTTDMRLAWEEPFGPVLPIIRVTSVEEAIEISNKSEYGLQASIFTNDFPRAFGIAEQLEVGTVHINNKTQRGTDNFPFLGAKKSGAGIQGVKYSIEAMTTVKSVVFDIK,P178N,0.06889,4.326666667,{'P178N'},WT,-0.10777999999999999,0.17667
SM082,MTKQYKNYVNGEWKLSENEIKIYEPASGAELGSVPAMSTEEVDYVYASAKKAQPAWRALSYIERAAYLHKVADILMRDKEKIGAILSKEVAKGYKSAVSEVVRTAEIINYAAEEGLRMEGEVLEGGSFEAASKKKIAVVRREPVGLVLAISPFNYPVNLAGSKIAPALIAGNVIAFKPDTQGSISGLLLAEAFAEAGLPAGVFNTITGRGSEIGDYIVEHQAVNFINFTGSTGIGERIGKMAGMRPIMLELGGKDSAIVLEDADLELTAKNIIAGAFGYSGQRCTAVKRVLVMESVADELVEKIREKVLALTIGNPEDDADITPLIDTKSADYVEGLINDANDKGATALTEIKREGNLICPILFDKVTTDMRLAWEEPFGPVLPIIRVTSVEEAIEISNKSEYGLQASIFTNDFPRAFGIAEQLEVGTVHINNKTQRGTDNFPFLGAKKSGAGIQGVKYSIEAMTTVKSVVFDIK,P178D,0.02222,1.566666667,{'P178D'},WT,-0.15445,0.17667
SM083,MTKQYKNYVNGEWKLSENEIKIYEPASGAELGSVPAMSTEEVDYVYASAKKAQPAWRALSYIERAAYLHKVADILMRDKEKIGAILSKEVAKGYKSAVSEVVRTAEIINYAAEEGLRMEGEVLEGGSFEAASKKKIAVVRREPVGLVLAISPFNYPVNLAGSKIAPALIAGNVIAFKPTTQGSISGLLLAEAFAEAGLPAGVFNTITGRGSEIGDYIVEHQAVNFINFTGSTGIGERIGKMAGMRPIMLELGGKDSAIVLEDADLELTAKNIIAGAFGYSGQRCTAVKRVLVMESVADELVEKIREKVLALTIGNPEDDADITPLIDTKSADYVEGLINDANDKGATALTEIKREGNLICPILFDKVTTDMRLAWEEPFGPVLPIIRVTSVEEAIEISNKSEYGLQASIFTNDFPRAFGIAEQLEVGTVHINNKTQRGTDNFPFLGAKKSGAGIQGVKYSIEAMTTVKSVVFDIK,P178T,0.03667,8.146666667,{'P178T'},WT,-0.13999999999999999,0.17667
SM084,MTKQYKNYVNGEWKLSENEIKIYEPASGAELGSVPAMSTEEVDYVYASAKKAQPAWRALSYIERAAYLHKVADILMRDKEKIGAILSKEVAKGYKSAVSEVVRTAEIINYAAEEGLRMEGEVLEGGSFEAASKKKIAVVRREPVGLVLAISPNNYPVNLAGSKIAPALIAGNVIAFKPPTQGSISGLLLAEAFAEAGLPAGVFNTITGRGSEIGDYIVEHQAVNFINFTGSTGIGERIGKMAGMRPIMLELGGKDSAIVLEDADLELTAKNIIAGAFGYSGQRCTAVKRVLVMESVADELVEKIREKVLALTIGNPEDDADITPLIDTKSADYVEGLINDANDKGATALTEIKREGNLICPILFDKVTTDMRLAWEEPFGPVLPIIRVTSVEEAIEISNKSEYGLQASIFTNDFPRAFGIAEQLEVGTVHINNKTQRGTDNFPFLGAKKSGAGIQGVKYSIEAMTTVKSVVFDIK,F152N,0.01111,0.026666667,{'F152N'},WT,-0.16555999999999998,0.17667
SM085,MTKQYKNYVNGEWKLSENEIKIYEPASGAELGSVPAMSTEEVDYVYASAKKAQPAWRALSYIERAAYLHKVADILMRDKEKIGAILSKEVAKGYKSAVSEVVRTAEIINYAAEEGLRMEGEVLEGGSFEAASKKKIAVVRREPVGLVLAISPQNYPVNLAGSKIAPALIAGNVIAFKPPTQGSISGLLLAEAFAEAGLPAGVFNTITGRGSEIGDYIVEHQAVNFINFTGSTGIGERIGKMAGMRPIMLELGGKDSAIVLEDADLELTAKNIIAGAFGYSGQRCTAVKRVLVMESVADELVEKIREKVLALTIGNPEDDADITPLIDTKSADYVEGLINDANDKGATALTEIKREGNLICPILFDKVTTDMRLAWEEPFGPVLPIIRVTSVEEAIEISNKSEYGLQASIFTNDFPRAFGIAEQLEVGTVHINNKTQRGTDNFPFLGAKKSGAGIQGVKYSIEAMTTVKSVVFDIK,F152Q,0.23222,0.186666667,{'F152Q'},WT,0.055550000000000016,0.17667
SM086,MTKQYKNYVNGEWKLSENEIKIYEPASGAELGSVPAMSTEEVDYVYASAKKAQPAWRALSYIERAAYLHKVADILMRDKEKIGAILSKEVAKGYKSAVSEVVRTAEIINYAAEEGLRMEGEVLEGGSFEAASKKKIAVVRREPVGLVLAISPFNYPVNLAGSKIAPALIAGNVIAFKPSEQGSISGLLLAEAFAEAGLPAGVFNTITGRGSEIGDYIVEHQAVNFINFTGSTGIGERIGKMAGMRPIMLELGGKDSAIVLEDADLELTAKNIIAGAFGYSGQRCTAVKRVLVMESVADELVEKIREKVLALTIGNPEDDADITPLIDTKSADYVEGLINDANDKGATALTEIKREGNLICPILFDKVTTDMRLAWEEPFGPVLPIIRVTSVEEAIEISNKSEYGLQASIFTNDFPRAFGIAEQLEVGTVHINNKTQRGTDNFPFLGAKKSGAGIQGVKYSIEAMTTVKSVVFDIK,P178S + T179E,0.56333,13.76,"{'T179E', 'P178S'}",SM080,0.07,0.49333
SM088,MTKQYKNYVNGEWKLSENEIKIYEPASGAELGSVPAMSTEEVDYVYASAKKAQPAWRALSYIERAAYLHKVADILMRDKEKIGAILSKEVAKGYKSAVSEVVRTAEIINYAAEEGLRMEGEVLEGGSFEAASKKKIAVVRREPVGLVLAISPFNYPVNLAGSKIAPALIAGNVIAFKPSQQGSISGLLLAEAFAEAGLPAGVFNTITGRGSEIGDYIVEHQAVNFINFTGSTGIGERIGKMAGMRPIMLELGGKDSAIVLEDADLELTAKNIIAGAFGYSGQRCTAVKRVLVMESVADELVEKIREKVLALTIGNPEDDADITPLIDTKSADYVEGLINDANDKGATALTEIKREGNLICPILFDKVTTDMRLAWEEPFGPVLPIIRVTSVEEAIEISNKSEYGLQASIFTNDFPRAFGIAEQLEVGTVHINNKTQRGTDNFPFLGAKKSGAGIQGVKYSIEAMTTVKSVVFDIK,P178S + T179Q,0.30333,17.52,"{'P178S', 'T179Q'}",SM080,-0.19,0.49333
SM090,MTKQYKNYVNGEWKLSENEIKIYEPASGAELGSVPAMSTEEVDYVYASAKKAQPAWRALSYIERAAYLHKVADILMRDKEKIGAILSKEVAKGYKSAVSEVVRTAEIINYAAEEGLRMEGEVLEGGSFEAASKKKIAVVRREPVGLVLAISPFNYPVNLAGSKIAPALIAGNVIAFKPSNQGSISGLLLAEAFAEAGLPAGVFNTITGRGSEIGDYIVEHQAVNFINFTGSTGIGERIGKMAGMRPIMLELGGKDSAIVLEDADLELTAKNIIAGAFGYSGQRCTAVKRVLVMESVADELVEKIREKVLALTIGNPEDDADITPLIDTKSADYVEGLINDANDKGATALTEIKREGNLICPILFDKVTTDMRLAWEEPFGPVLPIIRVTSVEEAIEISNKSEYGLQASIFTNDFPRAFGIAEQLEVGTVHINNKTQRGTDNFPFLGAKKSGAGIQGVKYSIEAMTTVKSVVFDIK,P178S + T179N,0.24222,15.80666667,"{'T179N', 'P178S'}",SM080,-0.25111,0.49333
SM092,MTKQYKNYVNGEWKLSENEIKIYEPASGAELGSVPAMSTEEVDYVYASAKKAQPAWRALSYIERAAYLHKVADILMRDKEKIGAILSKEVAKGYKSAVSEVVRTAEIINYAAEEGLRMEGEVLEGGSFEAASKKKIAVVRREPVGLVLAISPFNYPVNLAGSKIAPALIAGNVIAFKPSEQGSISGLLLAEAFAEAGLPAGVFNTITGYGSEIGDYIVEHQAVNFINFTGSTGIGERIGKMAGMRPIMLELGGKDSAIVLEDADLELTAKNIIAGAFGYSGQRCTAVKRVLVMESVADELVEKIREKVLALTIGNPEDDADITPLIDTKSADYVEGLINDANDKGATALTEIKREGNLICPILFDKVTTDMRLAWEEPFGPVLPIIRVTSVEEAIEISNKSEYGLQASIFTNDFPRAFGIAEQLEVGTVHINNKTQRGTDNFPFLGAKKSGAGIQGVKYSIEAMTTVKSVVFDIK,P178S + T179E + R208Y,0.59444,2.246666667,"{'R208Y', 'T179E', 'P178S'}",SM086,0.03110999999999997,0.56333
SM093,MTKQYKNYVNGEWKLSENEIKIYEPASGAELGSVPAMSTEEVDYVYASAKKAQPAWRALSYIERAAYLHKVADILMRDKEKIGAILSKEVAKGYKSAVSEVVRTAEIINYAAEEGLRMEGEVLEGGSFEAASKKKIAVVRREPVGLVLAISPFNYPVNLAGSKIAPALIAGNVIAFKPSEQGSISGLLLAEAFAEAGLPAGVFNTITGFGSEIGDYIVEHQAVNFINFTGSTGIGERIGKMAGMRPIMLELGGKDSAIVLEDADLELTAKNIIAGAFGYSGQRCTAVKRVLVMESVADELVEKIREKVLALTIGNPEDDADITPLIDTKSADYVEGLINDANDKGATALTEIKREGNLICPILFDKVTTDMRLAWEEPFGPVLPIIRVTSVEEAIEISNKSEYGLQASIFTNDFPRAFGIAEQLEVGTVHINNKTQRGTDNFPFLGAKKSGAGIQGVKYSIEAMTTVKSVVFDIK,P178S + T179E + R208F,0.31333,1.213333333,"{'T179E', 'P178S', 'R208F'}",SM086,-0.25,0.56333
SM094,MTKQYKNYVNGEWKLSENEIKIYEPASGAELGSVPAMSTEEVDYVYASAKKAQPAWRALSYIERAAYLHKVADILMRDKEKIGAILSKEVAKGYKSAVSEVVRTAEIINYAAEEGLRMEGEVLEGGSFEAASKKKIAVVRREPVGLVLAISPFNYPVNLAGSKIAPALIAGNVIAFKPSEQGSISGLLLAEAFAEAGLPAGVFNTITGYASEIGDYIVEHQAVNFINFTGSTGIGERIGKMAGMRPIMLELGGKDSAIVLEDADLELTAKNIIAGAFGYSGQRCTAVKRVLVMESVADELVEKIREKVLALTIGNPEDDADITPLIDTKSADYVEGLINDANDKGATALTEIKREGNLICPILFDKVTTDMRLAWEEPFGPVLPIIRVTSVEEAIEISNKSEYGLQASIFTNDFPRAFGIAEQLEVGTVHINNKTQRGTDNFPFLGAKKSGAGIQGVKYSIEAMTTVKSVVFDIK,P178S + T179E + R208Y + G209A,3.37444,5.22,"{'R208Y', 'G209A', 'T179E', 'P178S'}",SM092,2.78,0.59444
SM095,MTKQYKNYVNGEWKLSENEIKIYEPASGAELGSVPAMSTEEVDYVYASAKKAQPAWRALSYIERAAYLHKVADILMRDKEKIGAILSKEVAKGYKSAVSEVVRTAEIINYAAEEGLRMEGEVLEGGSFEAASKKKIAVVRREPVGLVLAISPFNYPVNLAGSKIAPALIAGNVIAFKPSEQGSISGLLLAEAFAEAGLPAGVFNTITGFASEIGDYIVEHQAVNFINFTGSTGIGERIGKMAGMRPIMLELGGKDSAIVLEDADLELTAKNIIAGAFGYSGQRCTAVKRVLVMESVADELVEKIREKVLALTIGNPEDDADITPLIDTKSADYVEGLINDANDKGATALTEIKREGNLICPILFDKVTTDMRLAWEEPFGPVLPIIRVTSVEEAIEISNKSEYGLQASIFTNDFPRAFGIAEQLEVGTVHINNKTQRGTDNFPFLGAKKSGAGIQGVKYSIEAMTTVKSVVFDIK,P178S + T179E + R208F + G209A,3.15333,3.286666667,"{'G209A', 'T179E', 'P178S', 'R208F'}",SM093,2.84,0.31333
SM096,MTKQYKNYVNGEWKLSENEIKIYEPASGAELGSVPAMSTEEVDYVYASAKKAQPAWRALSYIERAAYLHKVADILMRDKEKIGAILSKEVAKGYKSAVSEVVRTAEIINYAAEEGLRMEGEVLEGGSFEAASKKKIAVVRREPVGLVLAISPFNYPVNLAGSKIAPALIAGNVIAFKPSEQGSISGLLLAEAFAEAGLPAGVFNTITGYVSEIGDYIVEHQAVNFINFTGSTGIGERIGKMAGMRPIMLELGGKDSAIVLEDADLELTAKNIIAGAFGYSGQRCTAVKRVLVMESVADELVEKIREKVLALTIGNPEDDADITPLIDTKSADYVEGLINDANDKGATALTEIKREGNLICPILFDKVTTDMRLAWEEPFGPVLPIIRVTSVEEAIEISNKSEYGLQASIFTNDFPRAFGIAEQLEVGTVHINNKTQRGTDNFPFLGAKKSGAGIQGVKYSIEAMTTVKSVVFDIK,P178S + T179E + R208Y + G209V,9.66222,2.88,"{'R208Y', 'G209V', 'T179E', 'P178S'}",SM092,9.067779999999999,0.59444
SM096,MTKQYKNYVNGEWKLSENEIKIYEPASGAELGSVPAMSTEEVDYVYASAKKAQPAWRALSYIERAAYLHKVADILMRDKEKIGAILSKEVAKGYKSAVSEVVRTAEIINYAAEEGLRMEGEVLEGGSFEAASKKKIAVVRREPVGLVLAISPFNYPVNLAGSKIAPALIAGNVIAFKPSEQGSISGLLLAEAFAEAGLPAGVFNTITGYVSEIGDYIVEHQAVNFINFTGSTGIGERIGKMAGMRPIMLELGGKDSAIVLEDADLELTAKNIIAGAFGYSGQRCTAVKRVLVMESVADELVEKIREKVLALTIGNPEDDADITPLIDTKSADYVEGLINDANDKGATALTEIKREGNLICPILFDKVTTDMRLAWEEPFGPVLPIIRVTSVEEAIEISNKSEYGLQASIFTNDFPRAFGIAEQLEVGTVHINNKTQRGTDNFPFLGAKKSGAGIQGVKYSIEAMTTVKSVVFDIK,P178S + T179E + R208Y + G209V,9.66222,2.88,"{'R208Y', 'G209V', 'T179E', 'P178S'}",SM107,0.6211099999999998,9.04111
SM097,MTKQYKNYVNGEWKLSENEIKIYEPASGAELGSVPAMSTEEVDYVYASAKKAQPAWRALSYIERAAYLHKVADILMRDKEKIGAILSKEVAKGYKSAVSEVVRTAEIINYAAEEGLRMEGEVLEGGSFEAASKKKIAVVRREPVGLVLAISPFNYPVNLAGSKIAPALIAGNVIAFKPSEQGSISGLLLAEAFAEAGLPAGVFNTITGFVSEIGDYIVEHQAVNFINFTGSTGIGERIGKMAGMRPIMLELGGKDSAIVLEDADLELTAKNIIAGAFGYSGQRCTAVKRVLVMESVADELVEKIREKVLALTIGNPEDDADITPLIDTKSADYVEGLINDANDKGATALTEIKREGNLICPILFDKVTTDMRLAWEEPFGPVLPIIRVTSVEEAIEISNKSEYGLQASIFTNDFPRAFGIAEQLEVGTVHINNKTQRGTDNFPFLGAKKSGAGIQGVKYSIEAMTTVKSVVFDIK,P178S + T179E + R208F + G209V,9.33333,2.773333333,"{'G209V', 'T179E', 'P178S', 'R208F'}",SM093,9.02,0.31333
SM097,MTKQYKNYVNGEWKLSENEIKIYEPASGAELGSVPAMSTEEVDYVYASAKKAQPAWRALSYIERAAYLHKVADILMRDKEKIGAILSKEVAKGYKSAVSEVVRTAEIINYAAEEGLRMEGEVLEGGSFEAASKKKIAVVRREPVGLVLAISPFNYPVNLAGSKIAPALIAGNVIAFKPSEQGSISGLLLAEAFAEAGLPAGVFNTITGFVSEIGDYIVEHQAVNFINFTGSTGIGERIGKMAGMRPIMLELGGKDSAIVLEDADLELTAKNIIAGAFGYSGQRCTAVKRVLVMESVADELVEKIREKVLALTIGNPEDDADITPLIDTKSADYVEGLINDANDKGATALTEIKREGNLICPILFDKVTTDMRLAWEEPFGPVLPIIRVTSVEEAIEISNKSEYGLQASIFTNDFPRAFGIAEQLEVGTVHINNKTQRGTDNFPFLGAKKSGAGIQGVKYSIEAMTTVKSVVFDIK,P178S + T179E + R208F + G209V,9.33333,2.773333333,"{'G209V', 'T179E', 'P178S', 'R208F'}",SM107,0.29222000000000037,9.04111
SM098,MTKQYKNYVNGEWKLSENEIKIYEPASGAELGSVPAMSTEEVDYVYASAKKAQPAWRALSYIERAAYLHKVADILMRDKEKIGAILSKEVAKGYKSAVSEVVRTAEIINYAAEEGLRMEGEVLEGGSFEAASKKKIAVVRREPVGLVLAISPFNYPVNLAGSKIAPALIAGNVIAFKPPTQGSISGLLLAEAFAEAGLPAGVFNTITGRASEIGDYIVEHQAVNFINFTGSTGIGERIGKMAGMRPIMLELGGKDSAIVLEDADLELTAKNIIAGAFGYSGQRCTAVKRVLVMESVADELVEKIREKVLALTIGNPEDDADITPLIDTKSADYVEGLINDANDKGATALTEIKREGNLICPILFDKVTTDMRLAWEEPFGPVLPIIRVTSVEEAIEISNKSEYGLQASIFTNDFPRAFGIAEQLEVGTVHINNKTQRGTDNFPFLGAKKSGAGIQGVKYSIEAMTTVKSVVFDIK,G209A,0.01444,4.775555556,{'G209A'},WT,-0.16222999999999999,0.17667
SM099,MTKQYKNYVNGEWKLSENEIKIYEPASGAELGSVPAMSTEEVDYVYASAKKAQPAWRALSYIERAAYLHKVADILMRDKEKIGAILSKEVAKGYKSAVSEVVRTAEIINYAAEEGLRMEGEVLEGGSFEAASKKKIAVVRREPVGLVLAISPFNYPVNLAGSKIAPALIAGNVIAFKPPTQGSISGLLLAEAFAEAGLPAGVFNTITGRASEIGDYIVEHQAVNFINFTGSTGVGERIGKMAGMRPIMLELGGKDSAIVLEDADLELTAKNIIAGAFGYSGQRCTAVKRVLVMESVADELVEKIREKVLALTIGNPEDDADITPLIDTKSADYVEGLINDANDKGATALTEIKREGNLICPILFDKVTTDMRLAWEEPFGPVLPIIRVTSVEEAIEISNKSEYGLQASIFTNDFPRAFGIAEQLEVGTVHINNKTQRGTDNFPFLGAKKSGAGIQGVKYSIEAMTTVKSVVFDIK,G209A + I233V,0.00889,0.6,"{'G209A', 'I233V'}",SM078,-0.024439999999999996,0.03333
SM099,MTKQYKNYVNGEWKLSENEIKIYEPASGAELGSVPAMSTEEVDYVYASAKKAQPAWRALSYIERAAYLHKVADILMRDKEKIGAILSKEVAKGYKSAVSEVVRTAEIINYAAEEGLRMEGEVLEGGSFEAASKKKIAVVRREPVGLVLAISPFNYPVNLAGSKIAPALIAGNVIAFKPPTQGSISGLLLAEAFAEAGLPAGVFNTITGRASEIGDYIVEHQAVNFINFTGSTGVGERIGKMAGMRPIMLELGGKDSAIVLEDADLELTAKNIIAGAFGYSGQRCTAVKRVLVMESVADELVEKIREKVLALTIGNPEDDADITPLIDTKSADYVEGLINDANDKGATALTEIKREGNLICPILFDKVTTDMRLAWEEPFGPVLPIIRVTSVEEAIEISNKSEYGLQASIFTNDFPRAFGIAEQLEVGTVHINNKTQRGTDNFPFLGAKKSGAGIQGVKYSIEAMTTVKSVVFDIK,G209A + I233V,0.00889,0.6,"{'G209A', 'I233V'}",SM098,-0.005549999999999999,0.01444
SM100,MTKQYKNYVNGEWKLSENEIKIYEPASGAELGSVPAMSTEEVDYVYASAKKAQPAWRALSYIERAAYLHKVADILMRDKEKIGAILSKEVAKGYKSAVSEVVRTAEIINYAAEEGLRMEGEVLEGGSFEAASKKKIAVVRREPVGLVLAISPFNYPVNLAGSKIAPALIAGNVIAFKPPTQGSISGLLLAEAFAEAGLPAGVFNTITGRVSEIGDYIVEHQAVNFINFTGSTGTGERIGKMAGMRPIMLELGGKDSAIVLEDADLELTAKNIIAGAFGYSGQRCTAVKRVLVMESVADELVEKIREKVLALTIGNPEDDADITPLIDTKSADYVEGLINDANDKGATALTEIKREGNLICPILFDKVTTDMRLAWEEPFGPVLPIIRVTSVEEAIEISNKSEYGLQASIFTNDFPRAFGIAEQLEVGTVHINNKTQRGTDNFPFLGAKKSGAGIQGVKYSIEAMTTVKSVVFDIK,G209V + I233T,0.00556,0.051111111,"{'G209V', 'I233T'}",SM038,-0.80111,0.80667
SM100,MTKQYKNYVNGEWKLSENEIKIYEPASGAELGSVPAMSTEEVDYVYASAKKAQPAWRALSYIERAAYLHKVADILMRDKEKIGAILSKEVAKGYKSAVSEVVRTAEIINYAAEEGLRMEGEVLEGGSFEAASKKKIAVVRREPVGLVLAISPFNYPVNLAGSKIAPALIAGNVIAFKPPTQGSISGLLLAEAFAEAGLPAGVFNTITGRVSEIGDYIVEHQAVNFINFTGSTGTGERIGKMAGMRPIMLELGGKDSAIVLEDADLELTAKNIIAGAFGYSGQRCTAVKRVLVMESVADELVEKIREKVLALTIGNPEDDADITPLIDTKSADYVEGLINDANDKGATALTEIKREGNLICPILFDKVTTDMRLAWEEPFGPVLPIIRVTSVEEAIEISNKSEYGLQASIFTNDFPRAFGIAEQLEVGTVHINNKTQRGTDNFPFLGAKKSGAGIQGVKYSIEAMTTVKSVVFDIK,G209V + I233T,0.00556,0.051111111,"{'G209V', 'I233T'}",SM079,-0.10555,0.11111
SM101,MTKQYKNYVNGEWKLSENEIKIYEPASGAELGSVPAMSTEEVDYVYASAKKAQPAWRALSYIERAAYLHKVADILMRDKEKIGAILSKEVAKGYKSAVSEVVRTAEIINYAAEEGLRMEGEVLEGGSFEAASKKKIAVVRREPVGLVLAISPFNYPVNLAGSKIAPALIAGNVIAFKPSTQGSISGLLLAEAFAEAGLPAGVFNTITGRVSEIGDYIVEHQAVNFINFTGSTGIGERIGKMAGMRPIMLELGGKDSAIVLEDADLELTAKNIIAGAFGYSGQRCTAVKRVLVMESVADELVEKIREKVLALTIGNPEDDADITPLIDTKSADYVEGLINDANDKGATALTEIKREGNLICPILFDKVTTDMRLAWEEPFGPVLPIIRVTSVEEAIEISNKSEYGLQASIFTNDFPRAFGIAEQLEVGTVHINNKTQRGTDNFPFLGAKKSGAGIQGVKYSIEAMTTVKSVVFDIK,G209V + P178S,0.04778,0.406666667,"{'G209V', 'P178S'}",SM038,-0.75889,0.80667
SM101,MTKQYKNYVNGEWKLSENEIKIYEPASGAELGSVPAMSTEEVDYVYASAKKAQPAWRALSYIERAAYLHKVADILMRDKEKIGAILSKEVAKGYKSAVSEVVRTAEIINYAAEEGLRMEGEVLEGGSFEAASKKKIAVVRREPVGLVLAISPFNYPVNLAGSKIAPALIAGNVIAFKPSTQGSISGLLLAEAFAEAGLPAGVFNTITGRVSEIGDYIVEHQAVNFINFTGSTGIGERIGKMAGMRPIMLELGGKDSAIVLEDADLELTAKNIIAGAFGYSGQRCTAVKRVLVMESVADELVEKIREKVLALTIGNPEDDADITPLIDTKSADYVEGLINDANDKGATALTEIKREGNLICPILFDKVTTDMRLAWEEPFGPVLPIIRVTSVEEAIEISNKSEYGLQASIFTNDFPRAFGIAEQLEVGTVHINNKTQRGTDNFPFLGAKKSGAGIQGVKYSIEAMTTVKSVVFDIK,G209V + P178S,0.04778,0.406666667,"{'G209V', 'P178S'}",SM080,-0.44555,0.49333
SM102,MTKQYKNYVNGEWKLSENEIKIYEPASGAELGSVPAMSTEEVDYVYASAKKAQPAWRALSYIERAAYLHKVADILMRDKEKIGAILSKEVAKGYKSAVSEVVRTAEIINYAAEEGLRMEGEVLEGGSFEAASKKKIAVVRREPVGLVLAISPFNYPVNLAGSKIAPALIAGNVIAFKPNTQGSISGLLLAEAFAEAGLPAGVFNTITGRVSEIGDYIVEHQAVNFINFTGSTGIGERIGKMAGMRPIMLELGGKDSAIVLEDADLELTAKNIIAGAFGYSGQRCTAVKRVLVMESVADELVEKIREKVLALTIGNPEDDADITPLIDTKSADYVEGLINDANDKGATALTEIKREGNLICPILFDKVTTDMRLAWEEPFGPVLPIIRVTSVEEAIEISNKSEYGLQASIFTNDFPRAFGIAEQLEVGTVHINNKTQRGTDNFPFLGAKKSGAGIQGVKYSIEAMTTVKSVVFDIK,G209V + P178N,-0.01111,0.006666667,"{'G209V', 'P178N'}",SM038,-0.81778,0.80667
SM102,MTKQYKNYVNGEWKLSENEIKIYEPASGAELGSVPAMSTEEVDYVYASAKKAQPAWRALSYIERAAYLHKVADILMRDKEKIGAILSKEVAKGYKSAVSEVVRTAEIINYAAEEGLRMEGEVLEGGSFEAASKKKIAVVRREPVGLVLAISPFNYPVNLAGSKIAPALIAGNVIAFKPNTQGSISGLLLAEAFAEAGLPAGVFNTITGRVSEIGDYIVEHQAVNFINFTGSTGIGERIGKMAGMRPIMLELGGKDSAIVLEDADLELTAKNIIAGAFGYSGQRCTAVKRVLVMESVADELVEKIREKVLALTIGNPEDDADITPLIDTKSADYVEGLINDANDKGATALTEIKREGNLICPILFDKVTTDMRLAWEEPFGPVLPIIRVTSVEEAIEISNKSEYGLQASIFTNDFPRAFGIAEQLEVGTVHINNKTQRGTDNFPFLGAKKSGAGIQGVKYSIEAMTTVKSVVFDIK,G209V + P178N,-0.01111,0.006666667,"{'G209V', 'P178N'}",SM081,-0.08,0.06889
SM103,MTKQYKNYVNGEWKLSENEIKIYEPASGAELGSVPAMSTEEVDYVYASAKKAQPAWRALSYIERAAYLHKVADILMRDKEKIGAILSKEVAKGYKSAVSEVVRTAEIINYAAEEGLRMEGEVLEGGSFEAASKKKIAVVRREPVGLVLAISPFNYPVNLAGSKIAPALIAGNVIAFKPDTQGSISGLLLAEAFAEAGLPAGVFNTITGRVSEIGDYIVEHQAVNFINFTGSTGIGERIGKMAGMRPIMLELGGKDSAIVLEDADLELTAKNIIAGAFGYSGQRCTAVKRVLVMESVADELVEKIREKVLALTIGNPEDDADITPLIDTKSADYVEGLINDANDKGATALTEIKREGNLICPILFDKVTTDMRLAWEEPFGPVLPIIRVTSVEEAIEISNKSEYGLQASIFTNDFPRAFGIAEQLEVGTVHINNKTQRGTDNFPFLGAKKSGAGIQGVKYSIEAMTTVKSVVFDIK,G209V + P178D,-0.02111,0.006666667,"{'G209V', 'P178D'}",SM038,-0.82778,0.80667
SM103,MTKQYKNYVNGEWKLSENEIKIYEPASGAELGSVPAMSTEEVDYVYASAKKAQPAWRALSYIERAAYLHKVADILMRDKEKIGAILSKEVAKGYKSAVSEVVRTAEIINYAAEEGLRMEGEVLEGGSFEAASKKKIAVVRREPVGLVLAISPFNYPVNLAGSKIAPALIAGNVIAFKPDTQGSISGLLLAEAFAEAGLPAGVFNTITGRVSEIGDYIVEHQAVNFINFTGSTGIGERIGKMAGMRPIMLELGGKDSAIVLEDADLELTAKNIIAGAFGYSGQRCTAVKRVLVMESVADELVEKIREKVLALTIGNPEDDADITPLIDTKSADYVEGLINDANDKGATALTEIKREGNLICPILFDKVTTDMRLAWEEPFGPVLPIIRVTSVEEAIEISNKSEYGLQASIFTNDFPRAFGIAEQLEVGTVHINNKTQRGTDNFPFLGAKKSGAGIQGVKYSIEAMTTVKSVVFDIK,G209V + P178D,-0.02111,0.006666667,"{'G209V', 'P178D'}",SM082,-0.04333,0.02222
SM104,MTKQYKNYVNGEWKLSENEIKIYEPASGAELGSVPAMSTEEVDYVYASAKKAQPAWRALSYIERAAYLHKVADILMRDKEKIGAILSKEVAKGYKSAVSEVVRTAEIINYAAEEGLRMEGEVLEGGSFEAASKKKIAVVRREPVGLVLAISPFNYPVNLAGSKIAPALIAGNVIAFKPTTQGSISGLLLAEAFAEAGLPAGVFNTITGRVSEIGDYIVEHQAVNFINFTGSTGIGERIGKMAGMRPIMLELGGKDSAIVLEDADLELTAKNIIAGAFGYSGQRCTAVKRVLVMESVADELVEKIREKVLALTIGNPEDDADITPLIDTKSADYVEGLINDANDKGATALTEIKREGNLICPILFDKVTTDMRLAWEEPFGPVLPIIRVTSVEEAIEISNKSEYGLQASIFTNDFPRAFGIAEQLEVGTVHINNKTQRGTDNFPFLGAKKSGAGIQGVKYSIEAMTTVKSVVFDIK,G209V + P178T,0.01,0.062222222,"{'G209V', 'P178T'}",SM038,-0.79667,0.80667
SM104,MTKQYKNYVNGEWKLSENEIKIYEPASGAELGSVPAMSTEEVDYVYASAKKAQPAWRALSYIERAAYLHKVADILMRDKEKIGAILSKEVAKGYKSAVSEVVRTAEIINYAAEEGLRMEGEVLEGGSFEAASKKKIAVVRREPVGLVLAISPFNYPVNLAGSKIAPALIAGNVIAFKPTTQGSISGLLLAEAFAEAGLPAGVFNTITGRVSEIGDYIVEHQAVNFINFTGSTGIGERIGKMAGMRPIMLELGGKDSAIVLEDADLELTAKNIIAGAFGYSGQRCTAVKRVLVMESVADELVEKIREKVLALTIGNPEDDADITPLIDTKSADYVEGLINDANDKGATALTEIKREGNLICPILFDKVTTDMRLAWEEPFGPVLPIIRVTSVEEAIEISNKSEYGLQASIFTNDFPRAFGIAEQLEVGTVHINNKTQRGTDNFPFLGAKKSGAGIQGVKYSIEAMTTVKSVVFDIK,G209V + P178T,0.01,0.062222222,"{'G209V', 'P178T'}",SM083,-0.02667,0.03667
SM105,MTKQYKNYVNGEWKLSENEIKIYEPASGAELGSVPAMSTEEVDYVYASAKKAQPAWRALSYIERAAYLHKVADILMRDKEKIGAILSKEVAKGYKSAVSEVVRTAEIINYAAEEGLRMEGEVLEGGSFEAASKKKIAVVRREPVGLVLAISPNNYPVNLAGSKIAPALIAGNVIAFKPPTQGSISGLLLAEAFAEAGLPAGVFNTITGRVSEIGDYIVEHQAVNFINFTGSTGIGERIGKMAGMRPIMLELGGKDSAIVLEDADLELTAKNIIAGAFGYSGQRCTAVKRVLVMESVADELVEKIREKVLALTIGNPEDDADITPLIDTKSADYVEGLINDANDKGATALTEIKREGNLICPILFDKVTTDMRLAWEEPFGPVLPIIRVTSVEEAIEISNKSEYGLQASIFTNDFPRAFGIAEQLEVGTVHINNKTQRGTDNFPFLGAKKSGAGIQGVKYSIEAMTTVKSVVFDIK,G209V + F152N,0.00333,0.0,"{'G209V', 'F152N'}",SM038,-0.8033399999999999,0.80667
SM105,MTKQYKNYVNGEWKLSENEIKIYEPASGAELGSVPAMSTEEVDYVYASAKKAQPAWRALSYIERAAYLHKVADILMRDKEKIGAILSKEVAKGYKSAVSEVVRTAEIINYAAEEGLRMEGEVLEGGSFEAASKKKIAVVRREPVGLVLAISPNNYPVNLAGSKIAPALIAGNVIAFKPPTQGSISGLLLAEAFAEAGLPAGVFNTITGRVSEIGDYIVEHQAVNFINFTGSTGIGERIGKMAGMRPIMLELGGKDSAIVLEDADLELTAKNIIAGAFGYSGQRCTAVKRVLVMESVADELVEKIREKVLALTIGNPEDDADITPLIDTKSADYVEGLINDANDKGATALTEIKREGNLICPILFDKVTTDMRLAWEEPFGPVLPIIRVTSVEEAIEISNKSEYGLQASIFTNDFPRAFGIAEQLEVGTVHINNKTQRGTDNFPFLGAKKSGAGIQGVKYSIEAMTTVKSVVFDIK,G209V + F152N,0.00333,0.0,"{'G209V', 'F152N'}",SM084,-0.0077800000000000005,0.01111
SM106,MTKQYKNYVNGEWKLSENEIKIYEPASGAELGSVPAMSTEEVDYVYASAKKAQPAWRALSYIERAAYLHKVADILMRDKEKIGAILSKEVAKGYKSAVSEVVRTAEIINYAAEEGLRMEGEVLEGGSFEAASKKKIAVVRREPVGLVLAISPQNYPVNLAGSKIAPALIAGNVIAFKPPTQGSISGLLLAEAFAEAGLPAGVFNTITGRVSEIGDYIVEHQAVNFINFTGSTGIGERIGKMAGMRPIMLELGGKDSAIVLEDADLELTAKNIIAGAFGYSGQRCTAVKRVLVMESVADELVEKIREKVLALTIGNPEDDADITPLIDTKSADYVEGLINDANDKGATALTEIKREGNLICPILFDKVTTDMRLAWEEPFGPVLPIIRVTSVEEAIEISNKSEYGLQASIFTNDFPRAFGIAEQLEVGTVHINNKTQRGTDNFPFLGAKKSGAGIQGVKYSIEAMTTVKSVVFDIK,G209V + F152Q,0.00667,0.024444444,"{'G209V', 'F152Q'}",SM038,-0.8,0.80667
SM106,MTKQYKNYVNGEWKLSENEIKIYEPASGAELGSVPAMSTEEVDYVYASAKKAQPAWRALSYIERAAYLHKVADILMRDKEKIGAILSKEVAKGYKSAVSEVVRTAEIINYAAEEGLRMEGEVLEGGSFEAASKKKIAVVRREPVGLVLAISPQNYPVNLAGSKIAPALIAGNVIAFKPPTQGSISGLLLAEAFAEAGLPAGVFNTITGRVSEIGDYIVEHQAVNFINFTGSTGIGERIGKMAGMRPIMLELGGKDSAIVLEDADLELTAKNIIAGAFGYSGQRCTAVKRVLVMESVADELVEKIREKVLALTIGNPEDDADITPLIDTKSADYVEGLINDANDKGATALTEIKREGNLICPILFDKVTTDMRLAWEEPFGPVLPIIRVTSVEEAIEISNKSEYGLQASIFTNDFPRAFGIAEQLEVGTVHINNKTQRGTDNFPFLGAKKSGAGIQGVKYSIEAMTTVKSVVFDIK,G209V + F152Q,0.00667,0.024444444,"{'G209V', 'F152Q'}",SM085,-0.22555,0.23222
SM107,MTKQYKNYVNGEWKLSENEIKIYEPASGAELGSVPAMSTEEVDYVYASAKKAQPAWRALSYIERAAYLHKVADILMRDKEKIGAILSKEVAKGYKSAVSEVVRTAEIINYAAEEGLRMEGEVLEGGSFEAASKKKIAVVRREPVGLVLAISPFNYPVNLAGSKIAPALIAGNVIAFKPSEQGSISGLLLAEAFAEAGLPAGVFNTITGRVSEIGDYIVEHQAVNFINFTGSTGIGERIGKMAGMRPIMLELGGKDSAIVLEDADLELTAKNIIAGAFGYSGQRCTAVKRVLVMESVADELVEKIREKVLALTIGNPEDDADITPLIDTKSADYVEGLINDANDKGATALTEIKREGNLICPILFDKVTTDMRLAWEEPFGPVLPIIRVTSVEEAIEISNKSEYGLQASIFTNDFPRAFGIAEQLEVGTVHINNKTQRGTDNFPFLGAKKSGAGIQGVKYSIEAMTTVKSVVFDIK,G209V + P178S + T179E,9.04111,6.44,"{'G209V', 'T179E', 'P178S'}",SM086,8.47778,0.56333
SM107,MTKQYKNYVNGEWKLSENEIKIYEPASGAELGSVPAMSTEEVDYVYASAKKAQPAWRALSYIERAAYLHKVADILMRDKEKIGAILSKEVAKGYKSAVSEVVRTAEIINYAAEEGLRMEGEVLEGGSFEAASKKKIAVVRREPVGLVLAISPFNYPVNLAGSKIAPALIAGNVIAFKPSEQGSISGLLLAEAFAEAGLPAGVFNTITGRVSEIGDYIVEHQAVNFINFTGSTGIGERIGKMAGMRPIMLELGGKDSAIVLEDADLELTAKNIIAGAFGYSGQRCTAVKRVLVMESVADELVEKIREKVLALTIGNPEDDADITPLIDTKSADYVEGLINDANDKGATALTEIKREGNLICPILFDKVTTDMRLAWEEPFGPVLPIIRVTSVEEAIEISNKSEYGLQASIFTNDFPRAFGIAEQLEVGTVHINNKTQRGTDNFPFLGAKKSGAGIQGVKYSIEAMTTVKSVVFDIK,G209V + P178S + T179E,9.04111,6.44,"{'G209V', 'T179E', 'P178S'}",SM101,8.99333,0.04778
SM108,MTKQYKNYVNGEWKLSENEIKIYEPASGAELGSVPAMSTEEVDYVYASAKKAQPAWRALSYIERAAYLHKVADILMRDKEKIGAILSKEVAKGYKSAVSEVVRTAEIINYAAEEGLRMEGEVLEGGSFEAASKKKIAVVRREPVGLVLAISPFNYPVNLAGSKIAPALIAGNVIAFKPAEQGSISGLLLAEAFAEAGLPAGVFNTITGRVSEIGDYIVEHQAVNFINFTGSTGIGERIGKMAGMRPIMLELGGKDSAIVLEDADLELTAKNIIAGAFGYSGQRCTAVKRVLVMESVADELVEKIREKVLALTIGNPEDDADITPLIDTKSADYVEGLINDANDKGATALTEIKREGNLICPILFDKVTTDMRLAWEEPFGPVLPIIRVTSVEEAIEISNKSEYGLQASIFTNDFPRAFGIAEQLEVGTVHINNKTQRGTDNFPFLGAKKSGAGIQGVKYSIEAMTTVKSVVFDIK,G209V + P178A + T179E,12.14667,10.4533,"{'G209V', 'P178A', 'T179E'}",SM087,11.58445,0.56222
SM109,MTKQYKNYVNGEWKLSENEIKIYEPASGAELGSVPAMSTEEVDYVYASAKKAQPAWRALSYIERAAYLHKVADILMRDKEKIGAILSKEVAKGYKSAVSEVVRTAEIINYAAEEGLRMEGEVLEGGSFEAASKKKIAVVRREPVGLVLAISPFNYPVNLAGSKIAPALIAGNVIAFKPSQQGSISGLLLAEAFAEAGLPAGVFNTITGRVSEIGDYIVEHQAVNFINFTGSTGIGERIGKMAGMRPIMLELGGKDSAIVLEDADLELTAKNIIAGAFGYSGQRCTAVKRVLVMESVADELVEKIREKVLALTIGNPEDDADITPLIDTKSADYVEGLINDANDKGATALTEIKREGNLICPILFDKVTTDMRLAWEEPFGPVLPIIRVTSVEEAIEISNKSEYGLQASIFTNDFPRAFGIAEQLEVGTVHINNKTQRGTDNFPFLGAKKSGAGIQGVKYSIEAMTTVKSVVFDIK,G209V + P178S + T179Q,10.12889,27.4933,"{'G209V', 'P178S', 'T179Q'}",SM088,9.82556,0.30333
SM109,MTKQYKNYVNGEWKLSENEIKIYEPASGAELGSVPAMSTEEVDYVYASAKKAQPAWRALSYIERAAYLHKVADILMRDKEKIGAILSKEVAKGYKSAVSEVVRTAEIINYAAEEGLRMEGEVLEGGSFEAASKKKIAVVRREPVGLVLAISPFNYPVNLAGSKIAPALIAGNVIAFKPSQQGSISGLLLAEAFAEAGLPAGVFNTITGRVSEIGDYIVEHQAVNFINFTGSTGIGERIGKMAGMRPIMLELGGKDSAIVLEDADLELTAKNIIAGAFGYSGQRCTAVKRVLVMESVADELVEKIREKVLALTIGNPEDDADITPLIDTKSADYVEGLINDANDKGATALTEIKREGNLICPILFDKVTTDMRLAWEEPFGPVLPIIRVTSVEEAIEISNKSEYGLQASIFTNDFPRAFGIAEQLEVGTVHINNKTQRGTDNFPFLGAKKSGAGIQGVKYSIEAMTTVKSVVFDIK,G209V + P178S + T179Q,10.12889,27.4933,"{'G209V', 'P178S', 'T179Q'}",SM101,10.08111,0.04778
SM110,MTKQYKNYVNGEWKLSENEIKIYEPASGAELGSVPAMSTEEVDYVYASAKKAQPAWRALSYIERAAYLHKVADILMRDKEKIGAILSKEVAKGYKSAVSEVVRTAEIINYAAEEGLRMEGEVLEGGSFEAASKKKIAVVRREPVGLVLAISPFNYPVNLAGSKIAPALIAGNVIAFKPAQQGSISGLLLAEAFAEAGLPAGVFNTITGRVSEIGDYIVEHQAVNFINFTGSTGIGERIGKMAGMRPIMLELGGKDSAIVLEDADLELTAKNIIAGAFGYSGQRCTAVKRVLVMESVADELVEKIREKVLALTIGNPEDDADITPLIDTKSADYVEGLINDANDKGATALTEIKREGNLICPILFDKVTTDMRLAWEEPFGPVLPIIRVTSVEEAIEISNKSEYGLQASIFTNDFPRAFGIAEQLEVGTVHINNKTQRGTDNFPFLGAKKSGAGIQGVKYSIEAMTTVKSVVFDIK,G209V + P178A + T179Q,16.26778,29.4644,"{'G209V', 'P178A', 'T179Q'}",SM089,15.828889999999998,0.43889
SM111,MTKQYKNYVNGEWKLSENEIKIYEPASGAELGSVPAMSTEEVDYVYASAKKAQPAWRALSYIERAAYLHKVADILMRDKEKIGAILSKEVAKGYKSAVSEVVRTAEIINYAAEEGLRMEGEVLEGGSFEAASKKKIAVVRREPVGLVLAISPFNYPVNLAGSKIAPALIAGNVIAFKPSNQGSISGLLLAEAFAEAGLPAGVFNTITGRVSEIGDYIVEHQAVNFINFTGSTGIGERIGKMAGMRPIMLELGGKDSAIVLEDADLELTAKNIIAGAFGYSGQRCTAVKRVLVMESVADELVEKIREKVLALTIGNPEDDADITPLIDTKSADYVEGLINDANDKGATALTEIKREGNLICPILFDKVTTDMRLAWEEPFGPVLPIIRVTSVEEAIEISNKSEYGLQASIFTNDFPRAFGIAEQLEVGTVHINNKTQRGTDNFPFLGAKKSGAGIQGVKYSIEAMTTVKSVVFDIK,G209V + P178S + T179N,1.06222,6.1867,"{'G209V', 'T179N', 'P178S'}",SM090,0.82,0.24222
SM111,MTKQYKNYVNGEWKLSENEIKIYEPASGAELGSVPAMSTEEVDYVYASAKKAQPAWRALSYIERAAYLHKVADILMRDKEKIGAILSKEVAKGYKSAVSEVVRTAEIINYAAEEGLRMEGEVLEGGSFEAASKKKIAVVRREPVGLVLAISPFNYPVNLAGSKIAPALIAGNVIAFKPSNQGSISGLLLAEAFAEAGLPAGVFNTITGRVSEIGDYIVEHQAVNFINFTGSTGIGERIGKMAGMRPIMLELGGKDSAIVLEDADLELTAKNIIAGAFGYSGQRCTAVKRVLVMESVADELVEKIREKVLALTIGNPEDDADITPLIDTKSADYVEGLINDANDKGATALTEIKREGNLICPILFDKVTTDMRLAWEEPFGPVLPIIRVTSVEEAIEISNKSEYGLQASIFTNDFPRAFGIAEQLEVGTVHINNKTQRGTDNFPFLGAKKSGAGIQGVKYSIEAMTTVKSVVFDIK,G209V + P178S + T179N,1.06222,6.1867,"{'G209V', 'T179N', 'P178S'}",SM101,1.01444,0.04778
SM112,MTKQYKNYVNGEWKLSENEIKIYEPASGAELGSVPAMSTEEVDYVYASAKKAQPAWRALSYIERAAYLHKVADILMRDKEKIGAILSKEVAKGYKSAVSEVVRTAEIINYAAEEGLRMEGEVLEGGSFEAASKKKIAVVRREPVGLVLAISPFNYPVNLAGSKIAPALIAGNVIAFKPASQGSISGLLLAEAFAEAGLPAGVFNTITGRVSEIGDYIVEHQAVNFINFTGSTGIGERIGKMAGMRPIMLELGGKDSAIVLEDADLELTAKNIIAGAFGYSGQRCTAVKRVLVMESVADELVEKIREKVLALTIGNPEDDADITPLIDTKSADYVEGLINDANDKGATALTEIKREGNLICPILFDKVTTDMRLAWEEPFGPVLPIIRVTSVEEAIEISNKSEYGLQASIFTNDFPRAFGIAEQLEVGTVHINNKTQRGTDNFPFLGAKKSGAGIQGVKYSIEAMTTVKSVVFDIK,G209V + P178A + T179S,2.41778,15.0889,"{'G209V', 'P178A', 'T179S'}",SM091,2.23445,0.18333
SM113,MTKQYKNYVNGEWKLSENEFKIYEPASGAELGSVPAMSTEEVDYVYASAKKAQPAWRALSYIERAAYLHKVADILMRDKEKIGAILSKEVAKGYKSAVSEVVRTAEIINYAAEEGLRMEGEVLEGGSFEAASKKKIAVVRREPVGLVLAISPFNYPVNLAGSKIAPALIAGNVIAFKPSEQGSISGLLLAEAFAEAGLPAGVFNTITGYGSEIGDYIVEHQAVNFINFTGSTGIGERIGKMAGMRPIMLELGGKDSAIVLEDADLELTAKNIIAGAFGYSGQRCTAVKRVLVMESVADELVEKIREKVLALTIGNPEDDADITPLIDTKSADYVEGLINDANDKGATALTEIKREGNLICPILFDKVTTDMRLAWEEPFGPVLPIIRVTSVEEAIEISNKSEYGLQASIFTNDFPRAFGIAEQLEVGTVHINNKTQRGTDNFPFLGAKKSGAGIQGVKYSIEAMTTVKSVVFDIK,I19F + P178S + T179E + R208Y,0.88889,2.851111111,"{'R208Y', 'T179E', 'P178S', 'I19F'}",SM092,0.29445,0.59444
SM114,MTKQYKNYVNGEWKLSENEFKIYEPASGAELGSVPAMSTEEVDYVYASAKKAQPAWRALSYIERAAYLHKVADILMRDKEKIGAILSKEVAKGYKSAVSEVVRTAEIINYAAEEGLRMEGEVLEGGSFEAASKKKIAVVRREPVGLVLAISPFNYPVNLAGSKIAPALIAGNVIAFKPSEQGSISGLLLAEAFAEAGLPAGVFNTITGFGSEIGDYIVEHQAVNFINFTGSTGIGERIGKMAGMRPIMLELGGKDSAIVLEDADLELTAKNIIAGAFGYSGQRCTAVKRVLVMESVADELVEKIREKVLALTIGNPEDDADITPLIDTKSADYVEGLINDANDKGATALTEIKREGNLICPILFDKVTTDMRLAWEEPFGPVLPIIRVTSVEEAIEISNKSEYGLQASIFTNDFPRAFGIAEQLEVGTVHINNKTQRGTDNFPFLGAKKSGAGIQGVKYSIEAMTTVKSVVFDIK,I19F + P178S + T179E + R208F,0.59556,0.76,"{'R208F', 'T179E', 'P178S', 'I19F'}",SM093,0.28223,0.31333
SM115,MTKQYKNYVNGEWKLSENEFKIYEPASGAELGSVPAMSTEEVDYVYASAKKAQPAWRALSYIERAAYLHKVADILMRDKEKIGAILSKEVAKGYKSAVSEVVRTAEIINYAAEEGLRMEGEVLEGGSFEAASKKKIAVVRREPVGLVLAISPFNYPVNLAGSKIAPALIAGNVIAFKPSEQGSISGLLLAEAFAEAGLPAGVFNTITGYASEIGDYIVEHQAVNFINFTGSTGIGERIGKMAGMRPIMLELGGKDSAIVLEDADLELTAKNIIAGAFGYSGQRCTAVKRVLVMESVADELVEKIREKVLALTIGNPEDDADITPLIDTKSADYVEGLINDANDKGATALTEIKREGNLICPILFDKVTTDMRLAWEEPFGPVLPIIRVTSVEEAIEISNKSEYGLQASIFTNDFPRAFGIAEQLEVGTVHINNKTQRGTDNFPFLGAKKSGAGIQGVKYSIEAMTTVKSVVFDIK,I19F + P178S + T179E + R208Y + G209A,2.13778,0.408888889,"{'G209A', 'T179E', 'I19F', 'R208Y', 'P178S'}",SM094,-1.23666,3.37444
SM115,MTKQYKNYVNGEWKLSENEFKIYEPASGAELGSVPAMSTEEVDYVYASAKKAQPAWRALSYIERAAYLHKVADILMRDKEKIGAILSKEVAKGYKSAVSEVVRTAEIINYAAEEGLRMEGEVLEGGSFEAASKKKIAVVRREPVGLVLAISPFNYPVNLAGSKIAPALIAGNVIAFKPSEQGSISGLLLAEAFAEAGLPAGVFNTITGYASEIGDYIVEHQAVNFINFTGSTGIGERIGKMAGMRPIMLELGGKDSAIVLEDADLELTAKNIIAGAFGYSGQRCTAVKRVLVMESVADELVEKIREKVLALTIGNPEDDADITPLIDTKSADYVEGLINDANDKGATALTEIKREGNLICPILFDKVTTDMRLAWEEPFGPVLPIIRVTSVEEAIEISNKSEYGLQASIFTNDFPRAFGIAEQLEVGTVHINNKTQRGTDNFPFLGAKKSGAGIQGVKYSIEAMTTVKSVVFDIK,I19F + P178S + T179E + R208Y + G209A,2.13778,0.408888889,"{'G209A', 'T179E', 'I19F', 'R208Y', 'P178S'}",SM113,1.2488899999999998,0.88889
SM116,MTKQYKNYVNGEWKLSENEFKIYEPASGAELGSVPAMSTEEVDYVYASAKKAQPAWRALSYIERAAYLHKVADILMRDKEKIGAILSKEVAKGYKSAVSEVVRTAEIINYAAEEGLRMEGEVLEGGSFEAASKKKIAVVRREPVGLVLAISPFNYPVNLAGSKIAPALIAGNVIAFKPSEQGSISGLLLAEAFAEAGLPAGVFNTITGFASEIGDYIVEHQAVNFINFTGSTGIGERIGKMAGMRPIMLELGGKDSAIVLEDADLELTAKNIIAGAFGYSGQRCTAVKRVLVMESVADELVEKIREKVLALTIGNPEDDADITPLIDTKSADYVEGLINDANDKGATALTEIKREGNLICPILFDKVTTDMRLAWEEPFGPVLPIIRVTSVEEAIEISNKSEYGLQASIFTNDFPRAFGIAEQLEVGTVHINNKTQRGTDNFPFLGAKKSGAGIQGVKYSIEAMTTVKSVVFDIK,I19F + P178S + T179E + R208F + G209A,0.36444,0.124444444,"{'G209A', 'T179E', 'R208F', 'I19F', 'P178S'}",SM095,-2.78889,3.15333
SM116,MTKQYKNYVNGEWKLSENEFKIYEPASGAELGSVPAMSTEEVDYVYASAKKAQPAWRALSYIERAAYLHKVADILMRDKEKIGAILSKEVAKGYKSAVSEVVRTAEIINYAAEEGLRMEGEVLEGGSFEAASKKKIAVVRREPVGLVLAISPFNYPVNLAGSKIAPALIAGNVIAFKPSEQGSISGLLLAEAFAEAGLPAGVFNTITGFASEIGDYIVEHQAVNFINFTGSTGIGERIGKMAGMRPIMLELGGKDSAIVLEDADLELTAKNIIAGAFGYSGQRCTAVKRVLVMESVADELVEKIREKVLALTIGNPEDDADITPLIDTKSADYVEGLINDANDKGATALTEIKREGNLICPILFDKVTTDMRLAWEEPFGPVLPIIRVTSVEEAIEISNKSEYGLQASIFTNDFPRAFGIAEQLEVGTVHINNKTQRGTDNFPFLGAKKSGAGIQGVKYSIEAMTTVKSVVFDIK,I19F + P178S + T179E + R208F + G209A,0.36444,0.124444444,"{'G209A', 'T179E', 'R208F', 'I19F', 'P178S'}",SM114,-0.23112,0.59556
SM117,MTKQYKNYVNGEWKLSENEFKIYEPASGAELGSVPAMSTEEVDYVYASAKKAQPAWRALSYIERAAYLHKVADILMRDKEKIGAILSKEVAKGYKSAVSEVVRTAEIINYAAEEGLRMEGEVLEGGSFEAASKKKIAVVRREPVGLVLAISPFNYPVNLAGSKIAPALIAGNVIAFKPSEQGSISGLLLAEAFAEAGLPAGVFNTITGYVSEIGDYIVEHQAVNFINFTGSTGIGERIGKMAGMRPIMLELGGKDSAIVLEDADLELTAKNIIAGAFGYSGQRCTAVKRVLVMESVADELVEKIREKVLALTIGNPEDDADITPLIDTKSADYVEGLINDANDKGATALTEIKREGNLICPILFDKVTTDMRLAWEEPFGPVLPIIRVTSVEEAIEISNKSEYGLQASIFTNDFPRAFGIAEQLEVGTVHINNKTQRGTDNFPFLGAKKSGAGIQGVKYSIEAMTTVKSVVFDIK,I19F + P178S + T179E + R208Y + G209V,7.69667,0.395555556,"{'T179E', 'I19F', 'R208Y', 'G209V', 'P178S'}",SM096,-1.9655499999999995,9.66222
SM117,MTKQYKNYVNGEWKLSENEFKIYEPASGAELGSVPAMSTEEVDYVYASAKKAQPAWRALSYIERAAYLHKVADILMRDKEKIGAILSKEVAKGYKSAVSEVVRTAEIINYAAEEGLRMEGEVLEGGSFEAASKKKIAVVRREPVGLVLAISPFNYPVNLAGSKIAPALIAGNVIAFKPSEQGSISGLLLAEAFAEAGLPAGVFNTITGYVSEIGDYIVEHQAVNFINFTGSTGIGERIGKMAGMRPIMLELGGKDSAIVLEDADLELTAKNIIAGAFGYSGQRCTAVKRVLVMESVADELVEKIREKVLALTIGNPEDDADITPLIDTKSADYVEGLINDANDKGATALTEIKREGNLICPILFDKVTTDMRLAWEEPFGPVLPIIRVTSVEEAIEISNKSEYGLQASIFTNDFPRAFGIAEQLEVGTVHINNKTQRGTDNFPFLGAKKSGAGIQGVKYSIEAMTTVKSVVFDIK,I19F + P178S + T179E + R208Y + G209V,7.69667,0.395555556,"{'T179E', 'I19F', 'R208Y', 'G209V', 'P178S'}",SM113,6.80778,0.88889
SM117,MTKQYKNYVNGEWKLSENEFKIYEPASGAELGSVPAMSTEEVDYVYASAKKAQPAWRALSYIERAAYLHKVADILMRDKEKIGAILSKEVAKGYKSAVSEVVRTAEIINYAAEEGLRMEGEVLEGGSFEAASKKKIAVVRREPVGLVLAISPFNYPVNLAGSKIAPALIAGNVIAFKPSEQGSISGLLLAEAFAEAGLPAGVFNTITGYVSEIGDYIVEHQAVNFINFTGSTGIGERIGKMAGMRPIMLELGGKDSAIVLEDADLELTAKNIIAGAFGYSGQRCTAVKRVLVMESVADELVEKIREKVLALTIGNPEDDADITPLIDTKSADYVEGLINDANDKGATALTEIKREGNLICPILFDKVTTDMRLAWEEPFGPVLPIIRVTSVEEAIEISNKSEYGLQASIFTNDFPRAFGIAEQLEVGTVHINNKTQRGTDNFPFLGAKKSGAGIQGVKYSIEAMTTVKSVVFDIK,I19F + P178S + T179E + R208Y + G209V,7.69667,0.395555556,"{'T179E', 'I19F', 'R208Y', 'G209V', 'P178S'}",SM123,-5.488499999999999,13.18517
SM118,MTKQYKNYVNGEWKLSENEFKIYEPASGAELGSVPAMSTEEVDYVYASAKKAQPAWRALSYIERAAYLHKVADILMRDKEKIGAILSKEVAKGYKSAVSEVVRTAEIINYAAEEGLRMEGEVLEGGSFEAASKKKIAVVRREPVGLVLAISPFNYPVNLAGSKIAPALIAGNVIAFKPSEQGSISGLLLAEAFAEAGLPAGVFNTITGFVSEIGDYIVEHQAVNFINFTGSTGIGERIGKMAGMRPIMLELGGKDSAIVLEDADLELTAKNIIAGAFGYSGQRCTAVKRVLVMESVADELVEKIREKVLALTIGNPEDDADITPLIDTKSADYVEGLINDANDKGATALTEIKREGNLICPILFDKVTTDMRLAWEEPFGPVLPIIRVTSVEEAIEISNKSEYGLQASIFTNDFPRAFGIAEQLEVGTVHINNKTQRGTDNFPFLGAKKSGAGIQGVKYSIEAMTTVKSVVFDIK,I19F + P178S + T179E + R208F + G209V,8.67444,0.428888889,"{'T179E', 'R208F', 'I19F', 'G209V', 'P178S'}",SM097,-0.6588899999999995,9.33333
SM118,MTKQYKNYVNGEWKLSENEFKIYEPASGAELGSVPAMSTEEVDYVYASAKKAQPAWRALSYIERAAYLHKVADILMRDKEKIGAILSKEVAKGYKSAVSEVVRTAEIINYAAEEGLRMEGEVLEGGSFEAASKKKIAVVRREPVGLVLAISPFNYPVNLAGSKIAPALIAGNVIAFKPSEQGSISGLLLAEAFAEAGLPAGVFNTITGFVSEIGDYIVEHQAVNFINFTGSTGIGERIGKMAGMRPIMLELGGKDSAIVLEDADLELTAKNIIAGAFGYSGQRCTAVKRVLVMESVADELVEKIREKVLALTIGNPEDDADITPLIDTKSADYVEGLINDANDKGATALTEIKREGNLICPILFDKVTTDMRLAWEEPFGPVLPIIRVTSVEEAIEISNKSEYGLQASIFTNDFPRAFGIAEQLEVGTVHINNKTQRGTDNFPFLGAKKSGAGIQGVKYSIEAMTTVKSVVFDIK,I19F + P178S + T179E + R208F + G209V,8.67444,0.428888889,"{'T179E', 'R208F', 'I19F', 'G209V', 'P178S'}",SM114,8.07888,0.59556
SM118,MTKQYKNYVNGEWKLSENEFKIYEPASGAELGSVPAMSTEEVDYVYASAKKAQPAWRALSYIERAAYLHKVADILMRDKEKIGAILSKEVAKGYKSAVSEVVRTAEIINYAAEEGLRMEGEVLEGGSFEAASKKKIAVVRREPVGLVLAISPFNYPVNLAGSKIAPALIAGNVIAFKPSEQGSISGLLLAEAFAEAGLPAGVFNTITGFVSEIGDYIVEHQAVNFINFTGSTGIGERIGKMAGMRPIMLELGGKDSAIVLEDADLELTAKNIIAGAFGYSGQRCTAVKRVLVMESVADELVEKIREKVLALTIGNPEDDADITPLIDTKSADYVEGLINDANDKGATALTEIKREGNLICPILFDKVTTDMRLAWEEPFGPVLPIIRVTSVEEAIEISNKSEYGLQASIFTNDFPRAFGIAEQLEVGTVHINNKTQRGTDNFPFLGAKKSGAGIQGVKYSIEAMTTVKSVVFDIK,I19F + P178S + T179E + R208F + G209V,8.67444,0.428888889,"{'T179E', 'R208F', 'I19F', 'G209V', 'P178S'}",SM123,-4.510729999999999,13.18517
SM121,MTKQYKNYVNGEWKLSENEIKIYEPASGAELGSVPAMSTEEVDYVYASAKKAQPAWRALSYIERAAYLHKVADILMRDKEKIGAILSKEVAKGYKSAVSEVVRTAEIINYAAEEGLRMEGEVLEGGSFEAASKKKIAVVRREPVGLVLAISPFNYPVNLAGSKIAPALIAGNVIAFKPAQQGSISGLLLAEAFAEAGLPAGVFNTITGYVSEIGDYIVEHQAVNFINFTGSTGIGERIGKMAGMRPIMLELGGKDSAIVLEDADLELTAKNIIAGAFGYSGQRCTAVKRVLVMESVADELVEKIREKVLALTIGNPEDDADITPLIDTKSADYVEGLINDANDKGATALTEIKREGNLICPILFDKVTTDMRLAWEEPFGPVLPIIRVTSVEEAIEISNKSEYGLQASIFTNDFPRAFGIAEQLEVGTVHINNKTQRGTDNFPFLGAKKSGAGIQGVKYSIEAMTTVKSVVFDIK,P178A + T179Q + R208Y + G209V,10.56363,28.9622469,"{'P178A', 'R208Y', 'G209V', 'T179Q'}",SM110,-5.7041499999999985,16.26778
SM122,MTKQYKNYVNGEWKLSENEIKIYEPASGAELGSVPAMSTEEVDYVYASAKKAQPAWRALSYIERAAYLHKVADILMRDKEKIGAILSKEVAKGYKSAVSEVVRTAEIINYAAEEGLRMEGEVLEGGSFEAASKKKIAVVRREPVGLVLAISPFNYPVNLAGSKIAPALIAGNVIAFKPAQQGSISGLLLAEAFAEAGLPAGVFNTITGFVSEIGDYIVEHQAVNFINFTGSTGIGERIGKMAGMRPIMLELGGKDSAIVLEDADLELTAKNIIAGAFGYSGQRCTAVKRVLVMESVADELVEKIREKVLALTIGNPEDDADITPLIDTKSADYVEGLINDANDKGATALTEIKREGNLICPILFDKVTTDMRLAWEEPFGPVLPIIRVTSVEEAIEISNKSEYGLQASIFTNDFPRAFGIAEQLEVGTVHINNKTQRGTDNFPFLGAKKSGAGIQGVKYSIEAMTTVKSVVFDIK,P178A + T179Q + R208F + G209V,15.14057,47.17688806,"{'P178A', 'R208F', 'G209V', 'T179Q'}",SM110,-1.127209999999998,16.26778
SM123,MTKQYKNYVNGEWKLSENEFKIYEPASGAELGSVPAMSTEEVDYVYASAKKAQPAWRALSYIERAAYLHKVADILMRDKEKIGAILSKEVAKGYKSAVSEVVRTAEIINYAAEEGLRMEGEVLEGGSFEAASKKKIAVVRREPVGLVLAISPFNYPVNLAGSKIAPALIAGNVIAFKPSEQGSISGLLLAEAFAEAGLPAGVFNTITGRVSEIGDYIVEHQAVNFINFTGSTGIGERIGKMAGMRPIMLELGGKDSAIVLEDADLELTAKNIIAGAFGYSGQRCTAVKRVLVMESVADELVEKIREKVLALTIGNPEDDADITPLIDTKSADYVEGLINDANDKGATALTEIKREGNLICPILFDKVTTDMRLAWEEPFGPVLPIIRVTSVEEAIEISNKSEYGLQASIFTNDFPRAFGIAEQLEVGTVHINNKTQRGTDNFPFLGAKKSGAGIQGVKYSIEAMTTVKSVVFDIK,I19F + P178S + T179E + G209V,13.18517,1.912053591,"{'G209V', 'T179E', 'P178S', 'I19F'}",SM107,4.14406,9.04111
SM124,MTKQYKNYVNGEWKLSENEFKIYEPASGAELGSVPAMSTEEVDYVYASAKKAQPAWRALSYIERAAYLHKVADILMRDKEKIGAILSKEVAKGYKSAVSEVVRTAEIINYAAEEGLRMEGEVLEGGSFEAASKKKIAVVRREPVGLVLAISPFNYPVNLAGSKIAPALIAGNVIAFKPAEQGSISGLLLAEAFAEAGLPAGVFNTITGRVSEIGDYIVEHQAVNFINFTGSTGIGERIGKMAGMRPIMLELGGKDSAIVLEDADLELTAKNIIAGAFGYSGQRCTAVKRVLVMESVADELVEKIREKVLALTIGNPEDDADITPLIDTKSADYVEGLINDANDKGATALTEIKREGNLICPILFDKVTTDMRLAWEEPFGPVLPIIRVTSVEEAIEISNKSEYGLQASIFTNDFPRAFGIAEQLEVGTVHINNKTQRGTDNFPFLGAKKSGAGIQGVKYSIEAMTTVKSVVFDIK,I19F + P178A + T179E + G209V,19.72612,2.766936798,"{'P178A', 'G209V', 'T179E', 'I19F'}",SM108,7.579450000000001,12.14667
SM125,MTKQYKNYVNGEWKLSENEFKIYEPASGAELGSVPAMSTEEVDYVYASAKKAQPAWRALSYIERAAYLHKVADILMRDKEKIGAILSKEVAKGYKSAVSEVVRTAEIINYAAEEGLRMEGEVLEGGSFEAASKKKIAVVRREPVGLVLAISPFNYPVNLAGSKIAPALIAGNVIAFKPSQQGSISGLLLAEAFAEAGLPAGVFNTITGRVSEIGDYIVEHQAVNFINFTGSTGIGERIGKMAGMRPIMLELGGKDSAIVLEDADLELTAKNIIAGAFGYSGQRCTAVKRVLVMESVADELVEKIREKVLALTIGNPEDDADITPLIDTKSADYVEGLINDANDKGATALTEIKREGNLICPILFDKVTTDMRLAWEEPFGPVLPIIRVTSVEEAIEISNKSEYGLQASIFTNDFPRAFGIAEQLEVGTVHINNKTQRGTDNFPFLGAKKSGAGIQGVKYSIEAMTTVKSVVFDIK,I19F + P178S + T179Q + G209V,22.37864,45.54451848,"{'G209V', 'T179Q', 'P178S', 'I19F'}",SM109,12.24975,10.12889
SM126,MTKQYKNYVNGEWKLSENEFKIYEPASGAELGSVPAMSTEEVDYVYASAKKAQPAWRALSYIERAAYLHKVADILMRDKEKIGAILSKEVAKGYKSAVSEVVRTAEIINYAAEEGLRMEGEVLEGGSFEAASKKKIAVVRREPVGLVLAISPFNYPVNLAGSKIAPALIAGNVIAFKPAQQGSISGLLLAEAFAEAGLPAGVFNTITGRVSEIGDYIVEHQAVNFINFTGSTGIGERIGKMAGMRPIMLELGGKDSAIVLEDADLELTAKNIIAGAFGYSGQRCTAVKRVLVMESVADELVEKIREKVLALTIGNPEDDADITPLIDTKSADYVEGLINDANDKGATALTEIKREGNLICPILFDKVTTDMRLAWEEPFGPVLPIIRVTSVEEAIEISNKSEYGLQASIFTNDFPRAFGIAEQLEVGTVHINNKTQRGTDNFPFLGAKKSGAGIQGVKYSIEAMTTVKSVVFDIK,I19F + P178A + T179Q + G209V,22.14971,43.96140143,"{'P178A', 'T179Q', 'G209V', 'I19F'}",SM110,5.8819300000000005,16.26778
SM127,MTKQYKNYVNGEWKLSENEFKIYEPASGAELGSVPAMSTEEVDYVYASAKKAQPAWRALSYIERAAYLHKVADILMRDKEKIGAILSKEVAKGYKSAVSEVVRTAEIINYAAEEGLRMEGEVLEGGSFEAASKKKIAVVRREPVGLVLAISPFNYPVNLAGSKIAPALIAGNVIAFKPSNQGSISGLLLAEAFAEAGLPAGVFNTITGRVSEIGDYIVEHQAVNFINFTGSTGIGERIGKMAGMRPIMLELGGKDSAIVLEDADLELTAKNIIAGAFGYSGQRCTAVKRVLVMESVADELVEKIREKVLALTIGNPEDDADITPLIDTKSADYVEGLINDANDKGATALTEIKREGNLICPILFDKVTTDMRLAWEEPFGPVLPIIRVTSVEEAIEISNKSEYGLQASIFTNDFPRAFGIAEQLEVGTVHINNKTQRGTDNFPFLGAKKSGAGIQGVKYSIEAMTTVKSVVFDIK,I19F + P178S + T179N + G209V,2.34097,17.96310145,"{'G209V', 'T179N', 'P178S', 'I19F'}",SM111,1.27875,1.06222
SM128,MTKQYKNYVNGEWKLSENEFKIYEPASGAELGSVPAMSTEEVDYVYASAKKAQPAWRALSYIERAAYLHKVADILMRDKEKIGAILSKEVAKGYKSAVSEVVRTAEIINYAAEEGLRMEGEVLEGGSFEAASKKKIAVVRREPVGLVLAISPFNYPVNLAGSKIAPALIAGNVIAFKPASQGSISGLLLAEAFAEAGLPAGVFNTITGRVSEIGDYIVEHQAVNFINFTGSTGIGERIGKMAGMRPIMLELGGKDSAIVLEDADLELTAKNIIAGAFGYSGQRCTAVKRVLVMESVADELVEKIREKVLALTIGNPEDDADITPLIDTKSADYVEGLINDANDKGATALTEIKREGNLICPILFDKVTTDMRLAWEEPFGPVLPIIRVTSVEEAIEISNKSEYGLQASIFTNDFPRAFGIAEQLEVGTVHINNKTQRGTDNFPFLGAKKSGAGIQGVKYSIEAMTTVKSVVFDIK,I19F + P178A + T179S + G209V,4.50465,28.48731179,"{'P178A', 'G209V', 'T179S', 'I19F'}",SM112,2.08687,2.41778
SM129,MTKQYKNYVNGEWKLSENEFKIYEPASGAELGSVPAMSTEEVDYVYASAKKAQPAWRALSYIERAAYLHKVADILMRDKEKIGAILSKEVAKGYKSAVSEVVRTAEIINYAAEEGLRMEGEVLEGGSFEAASKKKIAVVRREPVGLVLAISPFNYPVNLAGSKIAPALIAGNVIAFKPAQQGSISGLLLAEAFAEAGLPAGVFNTITGYVSEIGDYIVEHQAVNFINFTGSTGIGERIGKMAGMRPIMLELGGKDSAIVLEDADLELTAKNIIAGAFGYSGQRCTAVKRVLVMESVADELVEKIREKVLALTIGNPEDDADITPLIDTKSADYVEGLINDANDKGATALTEIKREGNLICPILFDKVTTDMRLAWEEPFGPVLPIIRVTSVEEAIEISNKSEYGLQASIFTNDFPRAFGIAEQLEVGTVHINNKTQRGTDNFPFLGAKKSGAGIQGVKYSIEAMTTVKSVVFDIK,I19F + P178A + T179Q + R208Y + G209V,9.24511,20.01411754,"{'P178A', 'I19F', 'T179Q', 'R208Y', 'G209V'}",SM121,-1.3185199999999995,10.56363
SM129,MTKQYKNYVNGEWKLSENEFKIYEPASGAELGSVPAMSTEEVDYVYASAKKAQPAWRALSYIERAAYLHKVADILMRDKEKIGAILSKEVAKGYKSAVSEVVRTAEIINYAAEEGLRMEGEVLEGGSFEAASKKKIAVVRREPVGLVLAISPFNYPVNLAGSKIAPALIAGNVIAFKPAQQGSISGLLLAEAFAEAGLPAGVFNTITGYVSEIGDYIVEHQAVNFINFTGSTGIGERIGKMAGMRPIMLELGGKDSAIVLEDADLELTAKNIIAGAFGYSGQRCTAVKRVLVMESVADELVEKIREKVLALTIGNPEDDADITPLIDTKSADYVEGLINDANDKGATALTEIKREGNLICPILFDKVTTDMRLAWEEPFGPVLPIIRVTSVEEAIEISNKSEYGLQASIFTNDFPRAFGIAEQLEVGTVHINNKTQRGTDNFPFLGAKKSGAGIQGVKYSIEAMTTVKSVVFDIK,I19F + P178A + T179Q + R208Y + G209V,9.24511,20.01411754,"{'P178A', 'I19F', 'T179Q', 'R208Y', 'G209V'}",SM126,-12.904599999999999,22.14971
SM130,MTKQYKNYVNGEWKLSENEFKIYEPASGAELGSVPAMSTEEVDYVYASAKKAQPAWRALSYIERAAYLHKVADILMRDKEKIGAILSKEVAKGYKSAVSEVVRTAEIINYAAEEGLRMEGEVLEGGSFEAASKKKIAVVRREPVGLVLAISPFNYPVNLAGSKIAPALIAGNVIAFKPAQQGSISGLLLAEAFAEAGLPAGVFNTITGFVSEIGDYIVEHQAVNFINFTGSTGIGERIGKMAGMRPIMLELGGKDSAIVLEDADLELTAKNIIAGAFGYSGQRCTAVKRVLVMESVADELVEKIREKVLALTIGNPEDDADITPLIDTKSADYVEGLINDANDKGATALTEIKREGNLICPILFDKVTTDMRLAWEEPFGPVLPIIRVTSVEEAIEISNKSEYGLQASIFTNDFPRAFGIAEQLEVGTVHINNKTQRGTDNFPFLGAKKSGAGIQGVKYSIEAMTTVKSVVFDIK,I19F + P178A + T179Q + R208F + G209V,18.02031,31.35627168,"{'P178A', 'R208F', 'I19F', 'T179Q', 'G209V'}",SM122,2.879739999999998,15.14057
SM130,MTKQYKNYVNGEWKLSENEFKIYEPASGAELGSVPAMSTEEVDYVYASAKKAQPAWRALSYIERAAYLHKVADILMRDKEKIGAILSKEVAKGYKSAVSEVVRTAEIINYAAEEGLRMEGEVLEGGSFEAASKKKIAVVRREPVGLVLAISPFNYPVNLAGSKIAPALIAGNVIAFKPAQQGSISGLLLAEAFAEAGLPAGVFNTITGFVSEIGDYIVEHQAVNFINFTGSTGIGERIGKMAGMRPIMLELGGKDSAIVLEDADLELTAKNIIAGAFGYSGQRCTAVKRVLVMESVADELVEKIREKVLALTIGNPEDDADITPLIDTKSADYVEGLINDANDKGATALTEIKREGNLICPILFDKVTTDMRLAWEEPFGPVLPIIRVTSVEEAIEISNKSEYGLQASIFTNDFPRAFGIAEQLEVGTVHINNKTQRGTDNFPFLGAKKSGAGIQGVKYSIEAMTTVKSVVFDIK,I19F + P178A + T179Q + R208F + G209V,18.02031,31.35627168,"{'P178A', 'R208F', 'I19F', 'T179Q', 'G209V'}",SM126,-4.1294,22.14971
SM140,MTKQYKNYVNGEWKLSENEIKIYEPASGAELGSVPAMSTEEVDYVYASAKKAQPAWRALSYIERAAYLHKVADILMRDKEKIGAILSKEVAKGYKSAVSEVVRTAEIINYAAEEGLRMEGEVLEGGSFEAASKKKIAVVRREPVGLVLAISPWNYPVNLAGSKIAPALIAGNVIAFKPAQQGSISGLLLAEAFAEAGLPAGVFNTITGRVSEIGDYIVEHQAVNFINFTGSTGIGERIGKMAGMRPIMLELGGKDSAIVLEDADLELTAKNIIAGAFGYSGQRCTAVKRVLVMESVADELVEKIREKVLALTIGNPEDDADITPLIDTKSADYVEGLINDANDKGATALTEIKREGNLICPILFDKVTTDMRLAWEEPFGPVLPIIRVTSVEEAIEISNKSEYGLQASIFTNDFPRAFGIAEQLEVGTVHINNKTQRGTDNFPFLGAKKSGAGIQGVKYSIEAMTTVKSVVFDIK,F152W + P178A + T179Q + G209V,1.03,24.26444444,"{'P178A', 'G209V', 'F152W', 'T179Q'}",SM110,-15.237779999999999,16.26778
SM141,MTKQYKNYVNGEWKLSENEIKIYEPASGAELGSVPAMSTEEVDYVYASAKKAQPAWRALSYIERAAYLHKVADILMRDKEKIGAILSKEVAKGYKSAVSEVVRTAEIINYAAEEGLRMEGEVLEGGSFEAASKKKIAVVRREPVGLVLAISPWNYPVNLAGSKIAPALIAGNVIAFKPAEQGSISGLLLAEAFAEAGLPAGVFNTITGRVSEIGDYIVEHQAVNFINFTGSTGIGERIGKMAGMRPIMLELGGKDSAIVLEDADLELTAKNIIAGAFGYSGQRCTAVKRVLVMESVADELVEKIREKVLALTIGNPEDDADITPLIDTKSADYVEGLINDANDKGATALTEIKREGNLICPILFDKVTTDMRLAWEEPFGPVLPIIRVTSVEEAIEISNKSEYGLQASIFTNDFPRAFGIAEQLEVGTVHINNKTQRGTDNFPFLGAKKSGAGIQGVKYSIEAMTTVKSVVFDIK,F152W + P178A + T179E + G209V,0.69,3.134444444,"{'P178A', 'G209V', 'F152W', 'T179E'}",SM108,-11.45667,12.14667
SM142,MTKQYKNYVNGEWKLSENEIKIYEPASGAELGSVPAMSTEEVDYVYASAKKAQPAWRALSYIERAAYLHKVADILMRDKEKIGAILSKEVAKGYKSAVSEVVRTAEIINYAAEEGLRMEGEVLEGGSFEAASKKKIAVVRREPVGLVLAISAWNYPVNLAGSKIAPALIAGNVIAFKPAQQGSISGLLLAEAFAEAGLPAGVFNTITGRVSEIGDYIVEHQAVNFINFTGSTGIGERIGKMAGMRPIMLELGGKDSAIVLEDADLELTAKNIIAGAFGYSGQRCTAVKRVLVMESVADELVEKIREKVLALTIGNPEDDADITPLIDTKSADYVEGLINDANDKGATALTEIKREGNLICPILFDKVTTDMRLAWEEPFGPVLPIIRVTSVEEAIEISNKSEYGLQASIFTNDFPRAFGIAEQLEVGTVHINNKTQRGTDNFPFLGAKKSGAGIQGVKYSIEAMTTVKSVVFDIK,P151A + F152W + P178A + T179Q + G209V,1.11,17.45666667,"{'P178A', 'F152W', 'P151A', 'T179Q', 'G209V'}",SM140,0.08000000000000007,1.03
SM143,MTKQYKNYVNGEWKLSENEIKIYEPASGAELGSVPAMSTEEVDYVYASAKKAQPAWRALSYIERAAYLHKVADILMRDKEKIGAILSKEVAKGYKSAVSEVVRTAEIINYAAEEGLRMEGEVLEGGSFEAASKKKIAVVRREPVGLVLAISPWNYPVNLAGSKIAPALIAGNVIAFKPAQQGSISGLLLAEAFAEAGLPAGVFNTITGYVSEIGDYIVEHQAVNFINFTGSTGIGERIGKMAGMRPIMLELGGKDSAIVLEDADLELTAKNIIAGAFGYSGQRCTAVKRVLVMESVADELVEKIREKVLALTIGNPEDDADITPLIDTKSADYVEGLINDANDKGATALTEIKREGNLICPILFDKVTTDMRLAWEEPFGPVLPIIRVTSVEEAIEISNKSEYGLQASIFTNDFPRAFGIAEQLEVGTVHINNKTQRGTDNFPFLGAKKSGAGIQGVKYSIEAMTTVKSVVFDIK,F152W + P178A + T179Q + R208Y + G209V,0.91,16.2,"{'P178A', 'F152W', 'T179Q', 'R208Y', 'G209V'}",SM121,-9.65363,10.56363
SM143,MTKQYKNYVNGEWKLSENEIKIYEPASGAELGSVPAMSTEEVDYVYASAKKAQPAWRALSYIERAAYLHKVADILMRDKEKIGAILSKEVAKGYKSAVSEVVRTAEIINYAAEEGLRMEGEVLEGGSFEAASKKKIAVVRREPVGLVLAISPWNYPVNLAGSKIAPALIAGNVIAFKPAQQGSISGLLLAEAFAEAGLPAGVFNTITGYVSEIGDYIVEHQAVNFINFTGSTGIGERIGKMAGMRPIMLELGGKDSAIVLEDADLELTAKNIIAGAFGYSGQRCTAVKRVLVMESVADELVEKIREKVLALTIGNPEDDADITPLIDTKSADYVEGLINDANDKGATALTEIKREGNLICPILFDKVTTDMRLAWEEPFGPVLPIIRVTSVEEAIEISNKSEYGLQASIFTNDFPRAFGIAEQLEVGTVHINNKTQRGTDNFPFLGAKKSGAGIQGVKYSIEAMTTVKSVVFDIK,F152W + P178A + T179Q + R208Y + G209V,0.91,16.2,"{'P178A', 'F152W', 'T179Q', 'R208Y', 'G209V'}",SM140,-0.12,1.03
SM144,MTKQYKNYVNGEWKLSENEIKIYEPASGAELGSVPAMSTEEVDYVYASAKKAQPAWRALSYIERAAYLHKVADILMRDKEKIGAILSKEVAKGYKSAVSEVVRTAEIINYAAEEGLRMEGEVLEGGSFEAASKKKIAVVRREPVGLVLAISPQNYPVNLAGSKIAPALIAGNVIAFKPAQQGSISGLLLAEAFAEAGLPAGVFNTITGRVSEIGDYIVEHQAVNFINFTGSTGIGERIGKMAGMRPIMLELGGKDSAIVLEDADLELTAKNIIAGAFGYSGQRCTAVKRVLVMESVADELVEKIREKVLALTIGNPEDDADITPLIDTKSADYVEGLINDANDKGATALTEIKREGNLICPILFDKVTTDMRLAWEEPFGPVLPIIRVTSVEEAIEISNKSEYGLQASIFTNDFPRAFGIAEQLEVGTVHINNKTQRGTDNFPFLGAKKSGAGIQGVKYSIEAMTTVKSVVFDIK,F152Q + P178A + T179Q + G209V,0.62,8.157777778,"{'P178A', 'T179Q', 'G209V', 'F152Q'}",SM110,-15.64778,16.26778
SM145,MTKQYKNYVNGEWKLSENEIKIYEPASGAELGSVPAMSTEEVDYVYASAKKAQPAWRALSYIERAAYLHKVADILMRDKEKIGAILSKEVAKGYKSAVSEVVRTAEIINYAAEEGLRMEGEVLEGGSFEAASKKKIAVVRREPVGLVLAISPWNYPVNLAGSKIAPALIAGNVIAFKPSQQGSISGLLLAEAFAEAGLPAGVFNTITGRVSEIGDYIVEHQAVNFINFTGSTGIGERIGKMAGMRPIMLELGGKDSAIVLEDADLELTAKNIIAGAFGYSGQRCTAVKRVLVMESVADELVEKIREKVLALTIGNPEDDADITPLIDTKSADYVEGLINDANDKGATALTEIKREGNLICPILFDKVTTDMRLAWEEPFGPVLPIIRVTSVEEAIEISNKSEYGLQASIFTNDFPRAFGIAEQLEVGTVHINNKTQRGTDNFPFLGAKKSGAGIQGVKYSIEAMTTVKSVVFDIK,F152W + P178S + T179Q + G209V,2.07,19.17222222,"{'G209V', 'F152W', 'P178S', 'T179Q'}",SM109,-8.05889,10.12889
SM146,MTKQYKNYVNGEWKLSENEIKIYEPASGAELGSVPAMSTEEVDYVYASAKKAQPAWRALSYIERAAYLHKVADILMRDKEKIGAILSKEVAKGYKSAVSEVVRTAEIINYAAEEGLRMEGEVLEGGSFEAASKKKIAVVRREPVGLVLAISAWNYPVNLAGSKIAPALIAGNVIAFKPAEQGSISGLLLAEAFAEAGLPAGVFNTITGRVSEIGDYIVEHQAVNFINFTGSTGIGERIGKMAGMRPIMLELGGKDSAIVLEDADLELTAKNIIAGAFGYSGQRCTAVKRVLVMESVADELVEKIREKVLALTIGNPEDDADITPLIDTKSADYVEGLINDANDKGATALTEIKREGNLICPILFDKVTTDMRLAWEEPFGPVLPIIRVTSVEEAIEISNKSEYGLQASIFTNDFPRAFGIAEQLEVGTVHINNKTQRGTDNFPFLGAKKSGAGIQGVKYSIEAMTTVKSVVFDIK,P151A + F152W + P178A + T179E + G209V,1.15,2.586666667,"{'P178A', 'F152W', 'T179E', 'P151A', 'G209V'}",SM141,0.45999999999999996,0.69
SM147,MTKQYKNYVNGEWKLSENEIKIYEPASGAELGSVPAMSTEEVDYVYASAKKAQPAWRALSYIERAAYLHKVADILMRDKEKIGAILSKEVAKGYKSAVSEVVRTAEIINYAAEEGLRMEGEVLEGGSFEAASKKKIAVVRREPVGLVLAISPFNYPVNLAGSKIAPALIAGNVIAFKPAEQGSISGLLLAEAFAEAGLPAGVFNTITGYVSEIGDYIVEHQAVNFINFTGSTGIGERIGKMAGMRPIMLELGGKDSAIVLEDADLELTAKNIIAGAFGYSGQRCTAVKRVLVMESVADELVEKIREKVLALTIGNPEDDADITPLIDTKSADYVEGLINDANDKGATALTEIKREGNLICPILFDKVTTDMRLAWEEPFGPVLPIIRVTSVEEAIEISNKSEYGLQASIFTNDFPRAFGIAEQLEVGTVHINNKTQRGTDNFPFLGAKKSGAGIQGVKYSIEAMTTVKSVVFDIK,P178A + T179E + R208Y + G209V,12.08,8.062222222,"{'P178A', 'R208Y', 'G209V', 'T179E'}",SM108,-0.06667000000000023,12.14667
SM148,MTKQYKNYVNGEWKLSENEIKIYEPASGAELGSVPAMSTEEVDYVYASAKKAQPAWRALSYIERAAYLHKVADILMRDKEKIGAILSKEVAKGYKSAVSEVVRTAEIINYAAEEGLRMEGEVLEGGSFEAASKKKIAVVRREPVGLVLAISPWNYPVNLAGSKIAPALIAGNVIAFKPAEQGSISGLLLAEAFAEAGLPAGVFNTITGYVSEIGDYIVEHQAVNFINFTGSTGIGERIGKMAGMRPIMLELGGKDSAIVLEDADLELTAKNIIAGAFGYSGQRCTAVKRVLVMESVADELVEKIREKVLALTIGNPEDDADITPLIDTKSADYVEGLINDANDKGATALTEIKREGNLICPILFDKVTTDMRLAWEEPFGPVLPIIRVTSVEEAIEISNKSEYGLQASIFTNDFPRAFGIAEQLEVGTVHINNKTQRGTDNFPFLGAKKSGAGIQGVKYSIEAMTTVKSVVFDIK,F152W + P178A + T179E + R208Y + G209V,0.56,0.616666667,"{'P178A', 'F152W', 'T179E', 'R208Y', 'G209V'}",SM141,-0.1299999999999999,0.69
SM148,MTKQYKNYVNGEWKLSENEIKIYEPASGAELGSVPAMSTEEVDYVYASAKKAQPAWRALSYIERAAYLHKVADILMRDKEKIGAILSKEVAKGYKSAVSEVVRTAEIINYAAEEGLRMEGEVLEGGSFEAASKKKIAVVRREPVGLVLAISPWNYPVNLAGSKIAPALIAGNVIAFKPAEQGSISGLLLAEAFAEAGLPAGVFNTITGYVSEIGDYIVEHQAVNFINFTGSTGIGERIGKMAGMRPIMLELGGKDSAIVLEDADLELTAKNIIAGAFGYSGQRCTAVKRVLVMESVADELVEKIREKVLALTIGNPEDDADITPLIDTKSADYVEGLINDANDKGATALTEIKREGNLICPILFDKVTTDMRLAWEEPFGPVLPIIRVTSVEEAIEISNKSEYGLQASIFTNDFPRAFGIAEQLEVGTVHINNKTQRGTDNFPFLGAKKSGAGIQGVKYSIEAMTTVKSVVFDIK,F152W + P178A + T179E + R208Y + G209V,0.56,0.616666667,"{'P178A', 'F152W', 'T179E', 'R208Y', 'G209V'}",SM147,-11.52,12.08
SM149,MTKQYKNYVNGEWKLSENEIKIYEPASGAELGSVPAMSTEEVDYVYASAKKAQPAWRALSYIERAAYLHKVADILMRDKEKIGAILSKEVAKGYKSAVSEVVRTAEIINYAAEEGLRMEGEVLEGGSFEAASKKKIAVVRREPVGLVLAISPQNYPVNLAGSKIAPALIAGNVIAFKPAEQGSISGLLLAEAFAEAGLPAGVFNTITGRVSEIGDYIVEHQAVNFINFTGSTGIGERIGKMAGMRPIMLELGGKDSAIVLEDADLELTAKNIIAGAFGYSGQRCTAVKRVLVMESVADELVEKIREKVLALTIGNPEDDADITPLIDTKSADYVEGLINDANDKGATALTEIKREGNLICPILFDKVTTDMRLAWEEPFGPVLPIIRVTSVEEAIEISNKSEYGLQASIFTNDFPRAFGIAEQLEVGTVHINNKTQRGTDNFPFLGAKKSGAGIQGVKYSIEAMTTVKSVVFDIK,F152Q + P178A + T179E + G209V,0.1,0.287777778,"{'P178A', 'G209V', 'T179E', 'F152Q'}",SM108,-12.04667,12.14667
SM150,MTKQYKNYVNGEWKLSENEIKIYEPASGAELGSVPAMSTEEVDYVYASAKKAQPAWRALSYIERAAYLHKVADILMRDKEKIGAILSKEVAKGYKSAVSEVVRTAEIINYAAEEGLRMEGEVLEGGSFEAASKKKIAVVRREPVGLVLAISPSNYPVNLAGSKIAPALIAGNVIAFKPAQQGSISGLLLAEAFAEAGLPAGVFNTITGRVSEIGDYIVEHQAVNFINFTGSTGIGERIGKMAGMRPIMLELGGKDSAIVLEDADLELTAKNIIAGAFGYSGQRCTAVKRVLVMESVADELVEKIREKVLALTIGNPEDDADITPLIDTKSADYVEGLINDANDKGATALTEIKREGNLICPILFDKVTTDMRLAWEEPFGPVLPIIRVTSVEEAIEISNKSEYGLQASIFTNDFPRAFGIAEQLEVGTVHINNKTQRGTDNFPFLGAKKSGAGIQGVKYSIEAMTTVKSVVFDIK,F152S + P178A + T179Q + G209V,3.67,7.07,"{'F152S', 'G209V', 'P178A', 'T179Q'}",SM110,-12.597779999999998,16.26778
SM151,MTKQYKNYVNGEWKLSENEIKIYEPASGAELGSVPAMSTEEVDYVYASAKKAQPAWRALSYIERAAYLHKVADILMRDKEKIGAILSKEVAKGYKSAVSEVVRTAEIINYAAEEGLRMEGEVLEGGSFEAASKKKIAVVRREPVGLVLAISPSNYPVNLAGSKIAPALIAGNVIAFKPAQQGSISGLLLAEAFAEAGLPAGVFNTITGRVSEIGDYIVEHQAVNFINFTGSTGIGERIGKMAGMRPIMLELGGKDSAIVLEDADLELTAKNIIAGAFGYSGQRCTAVKRVLVMESVADELVEKIREKVLALTIGNPEDDADITPLIDTKSADYVEGLINDANDKGATALTEIKREGNLICPILFDKVTTDMRLAWEEPNGPVLPIIRVTSVEEAIEISNKSEYGLQASIFTNDFPRAFGIAEQLEVGTVHINNKTQRGTDNFPFLGAKKSGAGIQGVKYSIEAMTTVKSVVFDIK,F152S + P178A + T179Q + G209V + F378N,0.06,0.051111111,"{'P178A', 'F152S', 'T179Q', 'G209V', 'F378N'}",SM150,-3.61,3.67
SM152,MTKQYKNYVNGEWKLSENEIKIYEPASGAELGSVPAMSTEEVDYVYASAKKAQPAWRALSYIERAAYLHKVADILMRDKEKIGAILSKEVAKGYKSAVSEVVRTAEIINYAAEEGLRMEGEVLEGGSFEAASKKKIAVVRREPVGLVLAISAWNYPVNLAGSKIAPALIAGNVIAFKPAQQGSISGLLLAEAFAEAGLPAGVFNTITGYVSEIGDYIVEHQAVNFINFTGSTGIGERIGKMAGMRPIMLELGGKDSAIVLEDADLELTAKNIIAGAFGYSGQRCTAVKRVLVMESVADELVEKIREKVLALTIGNPEDDADITPLIDTKSADYVEGLINDANDKGATALTEIKREGNLICPILFDKVTTDMRLAWEEPFGPVLPIIRVTSVEEAIEISNKSEYGLQASIFTNDFPRAFGIAEQLEVGTVHINNKTQRGTDNFPFLGAKKSGAGIQGVKYSIEAMTTVKSVVFDIK,P151A + F152W + P178A + T179Q + R208Y + G209V,0.89,-0.097777778,"{'P178A', 'F152W', 'P151A', 'T179Q', 'R208Y', 'G209V'}",SM142,-0.22000000000000008,1.11
SM152,MTKQYKNYVNGEWKLSENEIKIYEPASGAELGSVPAMSTEEVDYVYASAKKAQPAWRALSYIERAAYLHKVADILMRDKEKIGAILSKEVAKGYKSAVSEVVRTAEIINYAAEEGLRMEGEVLEGGSFEAASKKKIAVVRREPVGLVLAISAWNYPVNLAGSKIAPALIAGNVIAFKPAQQGSISGLLLAEAFAEAGLPAGVFNTITGYVSEIGDYIVEHQAVNFINFTGSTGIGERIGKMAGMRPIMLELGGKDSAIVLEDADLELTAKNIIAGAFGYSGQRCTAVKRVLVMESVADELVEKIREKVLALTIGNPEDDADITPLIDTKSADYVEGLINDANDKGATALTEIKREGNLICPILFDKVTTDMRLAWEEPFGPVLPIIRVTSVEEAIEISNKSEYGLQASIFTNDFPRAFGIAEQLEVGTVHINNKTQRGTDNFPFLGAKKSGAGIQGVKYSIEAMTTVKSVVFDIK,P151A + F152W + P178A + T179Q + R208Y + G209V,0.89,-0.097777778,"{'P178A', 'F152W', 'P151A', 'T179Q', 'R208Y', 'G209V'}",SM143,-0.020000000000000018,0.91
SM153,MTKQYKNYVNGEWKLSENEIKIYEPASGAELGSVPAMSTEEVDYVYASAKKAQPAWRALSYIERAAYLHKVADILMRDKEKIGAILSKEVAKGYKSAVSEVVRTAEIINYAAEEGLRMEGEVLEGGSFEAASKKKIAVVRREPVGLVLAISAQNYPVNLAGSKIAPALIAGNVIAFKPAQQGSISGLLLAEAFAEAGLPAGVFNTITGRVSEIGDYIVEHQAVNFINFTGSTGIGERIGKMAGMRPIMLELGGKDSAIVLEDADLELTAKNIIAGAFGYSGQRCTAVKRVLVMESVADELVEKIREKVLALTIGNPEDDADITPLIDTKSADYVEGLINDANDKGATALTEIKREGNLICPILFDKVTTDMRLAWEEPFGPVLPIIRVTSVEEAIEISNKSEYGLQASIFTNDFPRAFGIAEQLEVGTVHINNKTQRGTDNFPFLGAKKSGAGIQGVKYSIEAMTTVKSVVFDIK,P151A + F152Q + P178A + T179Q + G209V,0.2,0.002222222,"{'P178A', 'F152Q', 'P151A', 'T179Q', 'G209V'}",SM144,-0.42,0.62
SM154,MTKQYKNYVNGEWKLSENEIKIYEPASGAELGSVPAMSTEEVDYVYASAKKAQPAWRALSYIERAAYLHKVADILMRDKEKIGAILSKEVAKGYKSAVSEVVRTAEIINYAAEEGLRMEGEVLEGGSFEAASKKKIAVVRREPVGLVLAISPWNYPVNLAGSKIAPALIAGNVIAFKVAQQGSISGLLLAEAFAEAGLPAGVFNTITGRVSEIGDYIVEHQAVNFINFTGSTGIGERIGKMAGMRPIMLELGGKDSAIVLEDADLELTAKNIIAGAFGYSGQRCTAVKRVLVMESVADELVEKIREKVLALTIGNPEDDADITPLIDTKSADYVEGLINDANDKGATALTEIKREGNLICPILFDKVTTDMRLAWEEPFGPVLPIIRVTSVEEAIEISNKSEYGLQASIFTNDFPRAFGIAEQLEVGTVHINNKTQRGTDNFPFLGAKKSGAGIQGVKYSIEAMTTVKSVVFDIK,F152W + P177V + P178A + T179Q + G209V,0.14,0.197777778,"{'P178A', 'F152W', 'T179Q', 'P177V', 'G209V'}",SM140,-0.89,1.03
SM155,MTKQYKNYVNGEWKLSENEIKIYEPASGAELGSVPAMSTEEVDYVYASAKKAQPAWRALSYIERAAYLHKVADILMRDKEKIGAILSKEVAKGYKSAVSEVVRTAEIINYAAEEGLRMEGEVLEGGSFEAASKKKIAVVRREPVGLVLAISPWNYPVNLAGSKIAPALIAGNVIAFKVAQQGSISGLLLAEAFAEAGLPAGVFNTITGYVSEIGDYIVEHQAVNFINFTGSTGIGERIGKMAGMRPIMLELGGKDSAIVLEDADLELTAKNIIAGAFGYSGQRCTAVKRVLVMESVADELVEKIREKVLALTIGNPEDDADITPLIDTKSADYVEGLINDANDKGATALTEIKREGNLICPILFDKVTTDMRLAWEEPFGPVLPIIRVTSVEEAIEISNKSEYGLQASIFTNDFPRAFGIAEQLEVGTVHINNKTQRGTDNFPFLGAKKSGAGIQGVKYSIEAMTTVKSVVFDIK,F152W + P177V + P178A + T179Q + R208Y + G209V,0.04,0.161111111,"{'P178A', 'F152W', 'R208Y', 'T179Q', 'P177V', 'G209V'}",SM143,-0.87,0.91
SM155,MTKQYKNYVNGEWKLSENEIKIYEPASGAELGSVPAMSTEEVDYVYASAKKAQPAWRALSYIERAAYLHKVADILMRDKEKIGAILSKEVAKGYKSAVSEVVRTAEIINYAAEEGLRMEGEVLEGGSFEAASKKKIAVVRREPVGLVLAISPWNYPVNLAGSKIAPALIAGNVIAFKVAQQGSISGLLLAEAFAEAGLPAGVFNTITGYVSEIGDYIVEHQAVNFINFTGSTGIGERIGKMAGMRPIMLELGGKDSAIVLEDADLELTAKNIIAGAFGYSGQRCTAVKRVLVMESVADELVEKIREKVLALTIGNPEDDADITPLIDTKSADYVEGLINDANDKGATALTEIKREGNLICPILFDKVTTDMRLAWEEPFGPVLPIIRVTSVEEAIEISNKSEYGLQASIFTNDFPRAFGIAEQLEVGTVHINNKTQRGTDNFPFLGAKKSGAGIQGVKYSIEAMTTVKSVVFDIK,F152W + P177V + P178A + T179Q + R208Y + G209V,0.04,0.161111111,"{'P178A', 'F152W', 'R208Y', 'T179Q', 'P177V', 'G209V'}",SM154,-0.1,0.14
SM156,MTKQYKNYVNGEWKLSENEIKIYEPASGAELGSVPAMSTEEVDYVYASAKKAQPAWRALSYIERAAYLHKVADILMRDKEKIGAILSKEVAKGYKSAVSEVVRTAEIINYAAEEGLRMEGEVLEGGSFEAASKKKIAVVRREPVGLVLAISAWNYPVNLAGSKIAPALIAGNVIAFKVAQQGSISGLLLAEAFAEAGLPAGVFNTITGRVSEIGDYIVEHQAVNFINFTGSTGIGERIGKMAGMRPIMLELGGKDSAIVLEDADLELTAKNIIAGAFGYSGQRCTAVKRVLVMESVADELVEKIREKVLALTIGNPEDDADITPLIDTKSADYVEGLINDANDKGATALTEIKREGNLICPILFDKVTTDMRLAWEEPFGPVLPIIRVTSVEEAIEISNKSEYGLQASIFTNDFPRAFGIAEQLEVGTVHINNKTQRGTDNFPFLGAKKSGAGIQGVKYSIEAMTTVKSVVFDIK,P151A + F152W + P177V + P178A + T179Q + G209V,-0.03,0.313333333,"{'P178A', 'F152W', 'P151A', 'T179Q', 'P177V', 'G209V'}",SM142,-1.1400000000000001,1.11
SM156,MTKQYKNYVNGEWKLSENEIKIYEPASGAELGSVPAMSTEEVDYVYASAKKAQPAWRALSYIERAAYLHKVADILMRDKEKIGAILSKEVAKGYKSAVSEVVRTAEIINYAAEEGLRMEGEVLEGGSFEAASKKKIAVVRREPVGLVLAISAWNYPVNLAGSKIAPALIAGNVIAFKVAQQGSISGLLLAEAFAEAGLPAGVFNTITGRVSEIGDYIVEHQAVNFINFTGSTGIGERIGKMAGMRPIMLELGGKDSAIVLEDADLELTAKNIIAGAFGYSGQRCTAVKRVLVMESVADELVEKIREKVLALTIGNPEDDADITPLIDTKSADYVEGLINDANDKGATALTEIKREGNLICPILFDKVTTDMRLAWEEPFGPVLPIIRVTSVEEAIEISNKSEYGLQASIFTNDFPRAFGIAEQLEVGTVHINNKTQRGTDNFPFLGAKKSGAGIQGVKYSIEAMTTVKSVVFDIK,P151A + F152W + P177V + P178A + T179Q + G209V,-0.03,0.313333333,"{'P178A', 'F152W', 'P151A', 'T179Q', 'P177V', 'G209V'}",SM154,-0.17,0.14
SM157,MTKQYKNYVNGEWKLSENEIKIYEPASGAELGSVPAMSTEEVDYVYASAKKAQPAWRALSYIERAAYLHKVADILMRDKEKIGAILSKEVAKGYKSAVSEVVRTAEIINYAAEEGLRMEGEVLEGGSFEAASKKKIAVVRREPVGLVLAISAWNYPVNLAGSKIAPALIAGNVIAFKVAQQGSISGLLLAEAFAEAGLPAGVFNTITGYVSEIGDYIVEHQAVNFINFTGSTGIGERIGKMAGMRPIMLELGGKDSAIVLEDADLELTAKNIIAGAFGYSGQRCTAVKRVLVMESVADELVEKIREKVLALTIGNPEDDADITPLIDTKSADYVEGLINDANDKGATALTEIKREGNLICPILFDKVTTDMRLAWEEPFGPVLPIIRVTSVEEAIEISNKSEYGLQASIFTNDFPRAFGIAEQLEVGTVHINNKTQRGTDNFPFLGAKKSGAGIQGVKYSIEAMTTVKSVVFDIK,P151A + F152W + P177V + P178A + T179Q + R208Y + G209V,0.43,3.92,"{'P178A', 'F152W', 'R208Y', 'P151A', 'T179Q', 'P177V', 'G209V'}",SM152,-0.46,0.89
SM157,MTKQYKNYVNGEWKLSENEIKIYEPASGAELGSVPAMSTEEVDYVYASAKKAQPAWRALSYIERAAYLHKVADILMRDKEKIGAILSKEVAKGYKSAVSEVVRTAEIINYAAEEGLRMEGEVLEGGSFEAASKKKIAVVRREPVGLVLAISAWNYPVNLAGSKIAPALIAGNVIAFKVAQQGSISGLLLAEAFAEAGLPAGVFNTITGYVSEIGDYIVEHQAVNFINFTGSTGIGERIGKMAGMRPIMLELGGKDSAIVLEDADLELTAKNIIAGAFGYSGQRCTAVKRVLVMESVADELVEKIREKVLALTIGNPEDDADITPLIDTKSADYVEGLINDANDKGATALTEIKREGNLICPILFDKVTTDMRLAWEEPFGPVLPIIRVTSVEEAIEISNKSEYGLQASIFTNDFPRAFGIAEQLEVGTVHINNKTQRGTDNFPFLGAKKSGAGIQGVKYSIEAMTTVKSVVFDIK,P151A + F152W + P177V + P178A + T179Q + R208Y + G209V,0.43,3.92,"{'P178A', 'F152W', 'R208Y', 'P151A', 'T179Q', 'P177V', 'G209V'}",SM155,0.39,0.04
SM157,MTKQYKNYVNGEWKLSENEIKIYEPASGAELGSVPAMSTEEVDYVYASAKKAQPAWRALSYIERAAYLHKVADILMRDKEKIGAILSKEVAKGYKSAVSEVVRTAEIINYAAEEGLRMEGEVLEGGSFEAASKKKIAVVRREPVGLVLAISAWNYPVNLAGSKIAPALIAGNVIAFKVAQQGSISGLLLAEAFAEAGLPAGVFNTITGYVSEIGDYIVEHQAVNFINFTGSTGIGERIGKMAGMRPIMLELGGKDSAIVLEDADLELTAKNIIAGAFGYSGQRCTAVKRVLVMESVADELVEKIREKVLALTIGNPEDDADITPLIDTKSADYVEGLINDANDKGATALTEIKREGNLICPILFDKVTTDMRLAWEEPFGPVLPIIRVTSVEEAIEISNKSEYGLQASIFTNDFPRAFGIAEQLEVGTVHINNKTQRGTDNFPFLGAKKSGAGIQGVKYSIEAMTTVKSVVFDIK,P151A + F152W + P177V + P178A + T179Q + R208Y + G209V,0.43,3.92,"{'P178A', 'F152W', 'R208Y', 'P151A', 'T179Q', 'P177V', 'G209V'}",SM156,0.45999999999999996,-0.03
SM158,MTKQYKNYVNGEWKLSENEIKIYEPASGAELGSVPAMSTEEVDYVYASAKKAQPAWRALSYIERAAYLHKVADILMRDKEKIGAILSKEVAKGYKSAVSEVVRTAEIINYAAEEGLRMEGEVLEGGSFEAASKKKIAVVRREPVGLVLAIIAWNYPVNLAGSKIAPALIAGNVIAFKVAQQGSISGLLLAEAFAEAGLPAGVFNTITGYVSEIGDYIVEHQAVNFINFTGSTGIGERIGKMAGMRPIMLELGGKDSAIVLEDADLELTAKNIIAGAFGYSGQRCTAVKRVLVMESVADELVEKIREKVLALTIGNPEDDADITPLIDTKSADYVEGLINDANDKGATALTEIKREGNLICPILFDKVTTDMRLAWEEPFGPVLPIIRVTSVEEAIEISNKSEYGLQASIFTNDFPRAFGIAEQLEVGTVHINNKTQRGTDNFPFLGAKKSGAGIQGVKYSIEAMTTVKSVVFDIK,S150I + P151A + F152W + P177V + P178A + T179Q + R208Y + G209V,0.01,0.055555556,"{'P178A', 'F152W', 'R208Y', 'P151A', 'T179Q', 'P177V', 'G209V', 'S150I'}",SM157,-0.42,0.43
SM159,MTKQYKNYVNGEWKLSENEIKIYEPASGAELGSVPAMSTEEVDYVYASAKKAQPAWRALSYIERAAYLHKVADILMRDKEKIGAILSKEVAKGYKSAVSEVVRTAEIINYAAEEGLRMEGEVLEGGSFEAASKKKIAVVRREPVGLVLAISPFNYPVNLAGSKIAPALIAGNVIAFKPAQQGSISGLLLAEAFAEAGLPAGVFNTITGRVSEIGDYIVEHQAVNFINFTGSTGTGERIGKMAGMRPIMLELGGKDSAIVLEDADLELTAKNIIAGAFGYSGQRCTAVKRVLVMESVADELVEKIREKVLALTIGNPEDDADITPLIDTKSADYVEGLINDANDKGATALTEIKREGNLICPILFDKVTTDMRLAWEEPFGPVLPIIRVTSVEEAIEISNKSEYGLQASIFTNDFPRAFGIAEQLEVGTVHINNKTQRGTDNFPFLGAKKSGAGIQGVKYSIEAMTTVKSVVFDIK,P178A + T179Q + G209V + I233T,16.56,21.20555556,"{'P178A', 'G209V', 'I233T', 'T179Q'}",SM110,0.29222000000000037,16.26778
SM160,MTKQYKNYVNGEWKLSENEIKIYEPASGAELGSVPAMSTEEVDYVYASAKKAQPAWRALSYIERAAYLHKVADILMRDKEKIGAILSKEVAKGYKSAVSEVVRTAEIINYAAEEGLRMEGEVLEGGSFEAASKKKIAVVRREPVGLVLAISPFNYPVNLAGSKIAPALIAGNVIAFKPAQQGSISGLLLAEAFAEAGLPAGVFNTITGRVSEIGDYIVEHQAVNFINFTGSTGVGERIGKMAGMRPIMLELGGKDSAIVLEDADLELTAKNIIAGAFGYSGQRCTAVKRVLVMESVADELVEKIREKVLALTIGNPEDDADITPLIDTKSADYVEGLINDANDKGATALTEIKREGNLICPILFDKVTTDMRLAWEEPFGPVLPIIRVTSVEEAIEISNKSEYGLQASIFTNDFPRAFGIAEQLEVGTVHINNKTQRGTDNFPFLGAKKSGAGIQGVKYSIEAMTTVKSVVFDIK,P178A + T179Q + G209V + I233V,32.06,23.25444444,"{'P178A', 'G209V', 'I233V', 'T179Q'}",SM110,15.792220000000004,16.26778
